,poap_name,frequency
0,Bankless Member - 2021,1213
1,Virtual Blockchain Week 2020 - General,1192
2,Virtual Blockchain Week 2020 / Cointelegraph Official NFT,1183
3,Dappcon 2019,1007
4,Bankless Member - 2020,657
5,ETHBerlinZwei,616
6,Devcon5,590
7,The Mutant Ape‚Äôs Demise,590
8,Beanie x Farokh Ceasefire,532
9,adidas Originals: our future started here,511
10,YAM Heros,486
11,Guild of Guardians Founder Badge,454
12,TIMEPieces REKT,451
13,Genesis CoinGecko Candy Collector v2,437
14,Fractional Early Adopter,382
15,The Graph - Subgraph developer,340
16,Rug Radio x Keith Grossman (President of TIME),313
17,ETHNewYork,312
18,ETHBOSTON 2019,273
19,ETHWaterloo 2019,253
20,XCOPY GALLERY - LAUNCH PARTY,236
21,Devcon2 by Piper Merriam,228
22,Rug Radio (rug.fm) Creation,226
23,Zenft Garden Society: Genesis,207
24,Non-Fungible Fungi,200
25,EthCC 3,196
26,CoinGecko Bitcoin Pizza Day 2021,191
27,The Graph - Original Grapher ,188
28,MKR Backstop Syndicate,184
29,ETHLondon - 2020,182
30,Decentraland - Mintbase Launch Party,179
31,Decentraland - KnownOrigin Launch Party,174
32,JRNY CLUB - Ahead of the Herd,173
33,EthIndia2,173
34,Ethereum 2.0 Serenity Launch,169
35,CoinGecko Premium+ Genesis Badge - Gold,167
36,Decentraland - Async Art After Party,166
37,CoinGecko 7th Anniversary Celebration,166
38,ON1 FORCE CELEBRATION SELL OUT!,162
39,Decentraland Moonshot World Cup - Final,162
40,CoinGecko NFT Spotlight #2 -he KeepeCommon Artwork,161
41,Decentraland - Art Week Launch Party,161
42,Aave x Coingecko V2 Release Swag Event,158
43,CoinGecko Halloween 2020 - Joker Gecko,157
44,Decentraland - Chain Guardians Present the Art of NOI,156
45,Decentraland - SuperRare Museum Opening,155
46,Decentraland - MakersPlace Gallery Opening,152
47,Decentraland - Soho Plaza Launch Party,151
48,Decentraland - OpenSea Art Mall Launch,151
49,Ethereal Summit,149
50,Decentraland - PixelChain Party,149
51,Medalla Testnet Resuscitator ,149
52,Bad Crypto Podcast Episode #379 with Vitalik Buterin ,148
53,CowSwap Ethereum Stable Version Launch POAP,146
54,SuperRare 2021 Collector Badge,146
55,Decentraland - Abner Harris Art Exhibition,143
56,Genesis CoinGecko Candy Collector,141
57,I Played 4 YFI,137
58,The Graph - Delegator,137
59,Claimable - Early Adopter,135
60,First Token Holders Badge- Ash Artwork Reveal ,135
61,Inverse Finance Original DAO 409,134
62,EthCC,132
63,CoinGecko Chinese Dragon Festival 2021 NFT,130
64,Bad Crypto Podcast Episode #382 with Dr. Ron Paul,124
65,DAOfest,124
66,Metamask 10 Million Users Party,120
67,Welcome to the Budverse,118
68,Rekt Stoner Cat Minters,117
69,Ronald Ong x CoinGecko NFT Spotlight #4 - ''Intergalactic Gecko'' NFT,117
70,CoinGecko Yield Farmer - Farmed them all!,117
71,VeeFriends x Christie's 10/01,116
72,DevCon4,115
73,ETHDenver,107
74,Ethereum London Meetup 2019,105
75,BAYC Riverboat Launch - August 6th,104
76,Panter Xhita X CoinGecko NFT Spotlight #3 -inder-GeckNFT,102
77,Bad Crypto Podcast Episode #380 featuring NFT.NYC,102
78,Berlin Blockchain week - 2019,101
79,Ethereum Buenos Aires Meetup - Agosto 2019,101
80,CoinGecko SUSHI Yield Farmer ,101
81,SuperRare Artist 2021,100
82,Prysmatic Labs Topaz Testnet Launch party,100
83,CoinGecko YFI Yield Farmer,100
84,CoinGecko Premium+ Badge - Gold [Q2 2021],100
85,Attendee - ETHDenver 2020,99
86,CoinGecko x Sven Eberwein - Two Deformed Geckos,97
87,Bad Crypto Podcast Episode #383 with Ben Swann,96
88,Decentraland - Dragon City Opening,95
89,CoinGecko YAM Yield Farmer,93
90,Art Blocks First Anniversary,93
91,CoinGecko BAL Yield Farmer,89
92,#HalfRekt,88
93,Bad Crypto Podcast Episode #377,87
94,Decentraland - Summer Collection Fashion Show,87
95,Justin Turner MLB All-Star Game NFT,86
96,Bad Crypto Podcast Episode 367 - Samson Williams,85
97,Virtual Blockchain Week 2020 VIP Commemorative NFT,84
98,Bad Crypto Podcast Episode 364 - Peter McCormack,82
99,TIMEPieces Town Hall - October 14,82
100,EDCON,81
101,Medalla Testnet Genesis Validator - Prysm client,81
102,CoinGecko Christmas 2020 ‚Äì SantaGecko,79
103,Ethereals Ride or Die Token | Discord POAP #2,78
104,Medalla Testnet Launch Call,77
105,CoinGecko COMP Yield Farmer,76
106,Bad Crypto Podcast Episode 376 with Jason BTO,75
107,Hack Money hosted by ETHGlobal,74
108,MoonCatKeyVoter,72
109,Staked - ETHDenver 2020,71
110,Beacon Chain Genesis Depositor,70
111,ETHParis,70
112,The Graph - Curator Program,69
113,CoinGecko Genesis Badge - All Users ,68
114,Earnifi Premium - 2021,67
115,Alchemix Legends,63
116,"0N1 Force Presale Livestream - August 15, 2021",62
117,ETHBerlin,60
118,Money God Stones,59
119,YAM 1 Year Anniversary,59
120,Decentraland Moonshot World Cup - Semi Final 1,59
121,Aokigahara - Sea of trees,58
122,Studio Nouveau Art Park and Gallery - Official Opening!,58
123,InterCon - Dreamer,57
124,Decentraland Moonshot World Cup - Semi Final 2,56
125,ON1 FORCE CELEBRATION REVEAL DAY!,56
126,Medalla Testnet Genesis Validator - Lighthouse client,56
127,EthereumBA 19th edition,54
128,CoinGecko St. Patrick‚Äôs Day 2021,54
129,ETH2 Spadina Testnet Launch Viewing Party,54
130,Intro to Quorum | Enterprise Blockchain Week 29.04.2020,52
131,ConstitutionDAO Contributor,52
132,DevCon3,50
133,CoinGecko Participation Medal - All Users,49
134,EthereumBA 18th edition,48
135,Layer2‰∏ìÂ±ûËç£Ë™âÂæΩÁ´†,47
136,521Party :The First Navigator Crypto Film Festival NFT,47
137,Intro to AntChain | Enterprise Blockchain Week 30.04.2020,45
138,CoinGecko Premium Genesis Badge - Silver,44
139,DEFI - Finanzas Descentralizadas - Livestreaming 22 Abril 2020,44
140,Stakeholder - ETHDenver 2020,44
141,Ethereum London Network Upgrade,44
142,SIPHER Key 1 - Wkh Sdvvskudvh lv FlskhuIruVlskhuv,44
143,Curio Cards Christie's Auction 1,44
144,Rarible Launch Party @ Decentraland,44
145,NONCON 2020 - Atendee,43
146,ENS 4th Anniversary @Pplpleasr NFT Giveaway - Snapshot voter,43
147,Blocumenta Blockathon Sydney 2,42
148,Zcon1,41
149,Crypto-Pills Launch,41
150,CoinGecko Q1 2021 Report ,41
151,Intro to Alibaba Cloud | Enterprise Blockchain Week 01.05.2020,40
152,DEFI - Finanzas Descentralizadas - Livestreaming 13 Mayo 2020,40
153,North American Bitcoin Conference 2020,39
154,Arbitrum Launch,38
155,ETH Buenos Aires Meetup: Black Thursday + MakerDAO Backstop Syndicate,38
156,Decentraland - Rapture Gallery Opening,37
157,–û–≥—Ä–∞–Ω–∏—á–µ–Ω–Ω—ã–π —Ç–∏—Ä–∞–∂ NFTFT-–ª–∏—Ö–æ—Ä–∞–¥–∫–∞: —Ç–æ–∫–µ–Ω–∏–∑–∞—Ü–∏—è –∏—Å–∫—É—Å—Å—Ç–≤–æ—Ç CoinGecko,37
158,Osaka Blockchain Week,36
159,Solidity Summit 2020,36
160,Moonriver Crowdloan Contributor,36
161,ETHSantiago [01]: DeFi en tiempos de crisis por Camila Russo,36
162,ETHParis 2020,35
163,Reva X CoinGecko - GemGecko Common NFT ,35
164,Ethereum Buenos Aires Meetup - Feb 2020,35
165,"Beacon Chain First 32,769 Block Validators - 2021",35
166,Ethereum Buenos Aires - 2019,35
167,PLEASRDAO $DOG OG Member,35
168,Ethereum Stakers Community Call #4,34
169,Intro to #STACS | Enterprise Blockchain Week 04.05.2020,33
170,Knights of Degen - 2021 Redemption Festival,32
171,Proof: Cryptocurrency For Commerce,32
172,imToken‚Äôs 5th anniversary POAP badge,32
173,MetaCartel Demo Day 2019,32
174,Crypto-Pills Pre-Sale Event,32
175,Medalla Testnet Genesis Validator - Teku client,31
176,Ethereum Buenos Aires meetup - Enero 2020,31
177,InterCon - Cosmonaut,31
178,Ethereum Chicago & Buenos Aires Joint Meetup,31
179,Coindesk Test Run,31
180,EDCON HACKATHON,31
181,"Alchemist / Ampleforth AMA v1 - July 20-21, 2021",30
182,DappCon,30
183,CoinGecko Valentine's 2021,30
184,ETHSanFrancisco,30
185,FWB Season One,30
186,Happy 2nd Birthday /r/EthFinance,29
187,Berlin Hardfork Party,29
188,DEFI - Finanzas Descentralizadas - Livestreaming 8 Abril 2020,29
189,MetaCartel Invades Denver: Multisig & Friends,29
190,Commeownity Call #3_8.5.2021 ,28
191,DEFI - Finanzas Descentralizadas - Livestreaming 29 Abril 2020,28
192,RaveCon0,28
193,DevCon2,28
194,My F#cking pickle release! ,28
195,The Cutting Edge with gmoney - Episode 3 ,27
196,TE Academy - Introduction to Token Engineering,27
197,EthVR0,27
198,POAP.art Sandbox Weekly Canvas - Week 17 2021,27
199,GeckoCon ‚Äì NFTs Gone Wild VIP Access Ticket 2021,27
200,Bit.Country & Metaverse.Network Demo Day,27
201,Intro to Hyperledger | Enterprise Blockchain Week 05.05.2020,27
202,Ethereum Buenos Aires,27
203,Fractional Early Contributors POAP,26
204,POAP.art Sandbox Weekly Canvas - Week 24 2021,26
205,Hackathon Mu√±√≥n + Gitcoin = Global Communities,26
206,Olympus Community Night - Game Night,26
207,MetaClan Breeding Tournament,25
208,EthStaker Presents: London Network Upgrade Livestream Party,25
209,"Olympus - FOHMO 2, Day 1",25
210,"Olympus - FOHMO 2, Day 3",25
211,iExec Off-Chain Drinks,25
212,Proof of Gucci,25
213,Le Anime OG,24
214,SuperRare OG,24
215,Aracon,23
216,Opensea AMA w/ Crypto Pill Creator Micha Klein,23
217,The Rare Pepe Story,23
218,DEFI - Finanzas Descentralizadas - Livestreaming 1¬∫ Abril 2020,23
219,Geo Web GR9 Contributor,23
220,ETHSantiago [02]: Data y privacidad en tiempos de pandemia,23
221,BAYC at Sotheby's,23
222,ETHSantiago[03]: ZkSnark in a nutshell,23
223,Blockchain 101 - Rutgers,23
224,ETHCAPETOWN,22
225,ETHTURIN 2020 - Hacker,22
226,VeeFriends Halloween 2021 #1,22
227,Intro to R3 Corda | Enterprise Blockchain Week 06.05.2020,22
228,Intro to Hedera Hashgraph | Enterprise Blockchain Week 07.05.2020,22
229,MyCrypto's Big Twitter Drop!,21
230,ETHBuenosAires,21
231,SPRKL - PleasrDAO‚ú® x Jason Naylor,21
232,Consensus 2021 by Coindesk - Attendee,21
233,CoinGecko ‰∏ÉÂ§ïNFT 2021 ,21
234,Decentralized Finance & Governance ,21
235,ZED HQ - Launch - Open Day,21
236,Decentralized Finance & Governance,21
237,Ethereum Buenos Aires meetup - Diciembre 2019 (II),21
238,Reality Cards Beta Tester,20
239,Medalla Testnet Genesis Validator - Nimbus client,20
240,1st Annual NFTY Pride,20
241,GRO DAO Copper - FLA,20
242,EthereumBA 21st edition,19
243,"Olympus - FOHMO 2, Day 2",19
244,The Cutting Edge with gmoney - Episode 5,19
245,"OlympusDAO - FOHMO 2, Day 5 ",19
246,Geneva Bonfire Cryptobrunch,19
247,ETHOnline Hacker,19
248,Early Issuers,19
249,FWB Season Two,19
250,Optino OG,18
251,Student Opportunities in Blockchain,18
252,Odyssey After Party,18
253,Rutgers Intro event 2020,18
254,$MEME Building Launch @ Decentraland,18
255,"Olympus - FOHMO 2, Day 4",18
256,THORRekt,18
257,Ethereum Stakers Community Call #6,18
258,On To New Beginnings ,18
259,PUNKS Comic 6-Month Anniversary,17
260,DeFi Masterclass May 2021,17
261,Ethereum Buenos Aires Meetup,17
262,ETH Network - Attendee (Gen 5),17
263,CoinGecko Virtual Meetup #13 | Exploring The Polygon Ecosystem,17
264,Lanzamiento ecosistema Ethereum Santiago [Bloque G√©nesis],17
265,Pudgy Penguin,17
266,DeFi Summit London 2019,16
267,Dragon Quest - Grandmaster,16
268,IC3 Blockchain Camp 2020,16
269,USV Annual Meeting 2021,16
270,Panvala Spring Orientation,16
271,Inverse Finance Anchor Pioneer,16
272,"The First Redeemable NFT in Times Square, Ever!",16
273,EthereumBA 23rd edition,16
274,EthBuenosAires,16
275,TEL AVIV BLOCKCHAIN WEEK 2019,16
276,EthCC 4 ,15
277,/r/ethfinance 1-year Celebration,15
278,Wen Rat 2021: Gutter Rat Anticipation Event,15
279,Intro to Kyber Network | Southeast Asia DeFi Week 02.06.2020,15
280,TOURISTOKEN Birthday gift,15
281,VeeFriends Halloween 2021 #2,15
282,TruffleCon 2020,15
283,ËßÅËØÅÂéÜÂè≤Êó∂ÂàªÔºåBeeple‰ΩúÂìÅ‰Ω≥Â£´ÂæóÊãçÂçñÁ∫™Âøµ,15
284,Ethereum Meetup December - Identity Session,15
285,EthereumBA 22nd edition,15
286,CowSwap 24-09-2021 Testing Session,15
287,FWB Snacks,15
288,FOHMO 3 PRE-PARTY,15
289,"Evening with Aztec, Maker and Melon",15
290,POAP Community Call #1,15
291,Intro to Melon Protocol | Southeast Asia DeFi Week 03.06.2020,14
292,Philly Blockchain Tech April 2020,14
293,Intro to MAKER | Southeast Asia DeFi Week 01.06.2020,14
294,Volunteer - ETHDenver 2020,14
295,Decentraland Halloween 2020 - Ghosts 'n Graves,14
296,Proof of Gucci design competition,14
297,Chicago Ethereum meetup - Using smart contracts in L2 with optimistic rollup,14
298,Ethereum Buenos Aires Meetup - Junio 2019,14
299,Club Nyan Cat Soft Opening,14
300,The Community Twin,14
301,#DeFi Summit,14
302,Soliens Secret Society OG Star People,14
303,„Éï„Ç°„Ç™Â∏ùÂõΩ „Éï„É©„ÉÉ„Ç∞„Ç≥„É≥„Éó„É™„Éº„ÉàË®òÂøµ„Éê„ÉÉ„Ç∏,14
304,Ledger Nano S Plus: Genesis Edition,14
305,CONFLUX,14
306,DeadHeads Episode One Watch Party,14
307,Synthetix Governance,14
308,Ethereum Stakers Community Call #5,14
309,KlimaDAO Copper Fair Launch Auction,14
310,Devcon 5 Scholar,14
311,Commeownity Call #2_8.4.2021,13
312,NONCON 2020 - Speaker,13
313,ETH2 Studymaster GENESIS,13
314,InterCon - Mission Control,13
315,ETH Network - Attendee (Gen 7),13
316,DXD One Year Anniversary - DXD Holder 2020-2021,13
317,POAP.art Sandbox Weekly Canvas - Week 25 2021,13
318,36th Chaos Communication Congress,13
319,XCOPY REKT,13
320,Ethereum EIP 1559 (222),13
321,Rutgers Blockchain Workshop 101,13
322,The One Millionth POAP POAP,13
323,DAOSquare Community Overload,13
324,Covalent | Apprentice Alchemist,13
325,BitcoinMalaysia Fastpass | 11 April 2020 - Certified by Blocklime,13
326,Ethereal Summit 2021 - Attendee ,13
327,imToken Security Ambassador POAP,13
328,Casa Bonita,13
329,UtkalHacks 2.0,13
330,"#Staking4Fitness, cohort1",13
331,Birthday-Party-Mariano-Conti,12
332,Apefest Day 1,12
333,BAYC Death Nut Challenge 2021,12
334,Decentraland Halloween 2020 - Temple Trouble,12
335,DevCon1,12
336,"ETHKL Bitcoin Halving Special: An Exchange with Luno, Sinegy, and Tokenize",12
337,Steward - ETHDenver 2020,12
338,Decentraland Halloween 2020 - Party!,12
339,Ethereal Sessions #002,12
340,Stoner Cat owner as of August 2021,12
341,ETHTURIN 2020 - Attendee,12
342,[Space Inmates] Employee Benefit,12
343,$WHALE 1 year anniversary,12
344,POAP.art Sandbox Weekly Canvas - Week 18 2021,12
345,Beacon Book - Bankless Edition Raffle,12
346,Decentraland Halloween 2020 - Final Huntdown,12
347,Float Protocol Minting Ceremony,12
348,WashingtonElite,12
349,Ethereum.org 2021 POAPs,12
350,Apefest Day 3,12
351,PIE DAO Community Call #6,11
352,Sale of Fidenza #938 - AB Community POAP,11
353,The Big Bang - Charged Particles Launch Party ,11
354,EthereumBA 26th edition,11
355,Ethereum 2.0 Deposit Contract Launch,11
356,PieDAO Rush Week - Beer and Pie,11
357,Intro to WBTC | Southeast Asia DeFi Week 05.06.2020,11
358,FriDAI Brunch #1,11
359,CryptoChicks Hatchery 2020,11
360,I Got Rugged On Deeze-Fi Spaces On Twitter.com,11
361,Rutger's Blockchain Hub & eToro,11
362,Dragon Quest - Hacker,11
363,CoinGecko 7th Anniversary Celebration Winning NFT,11
364,Bored Ape owner as of August 2021,11
365,IC3 Blockchain Camp 2021,11
366,The Graph - Voting Participant,11
367,CoinGecko Virtual Meetup #12 | Exploring The Binance Smart Chain Ecosystem ,11
368,FWB Season 3 POAP,11
369,Alison Wonderland Presents The WonderQuest,11
370,Ethereum on tap #1,10
371,Stoner Cats Charity Vote Virtual Proposal ,10
372,Token Wirtschaft,10
373,Decentraland Halloween 2020 - Trick or Treat,10
374,TonHor Talk #1: RISK-RETURN UNBALANCE,10
375,TE Academy - Ecosystem Value Flows,10
376,Discord Day 1 - First IT Stage,10
377,CowSwap xDAI Stable Version Launch POAP,10
378,The Graph - Mission Control Testnet Indexer,10
379,Spooky Pills by Micha Klein ,10
380,Cryptograph Auction Participant - Vitalik Buterin,10
381,Enter The Metaverse,10
382,POAP.art Sandbox Weekly Canvas - Week 26 2021,10
383,CT Analysis Event - Uncommon,10
384,"Chicago Ethereum meetup - [ONLINE] Tokenized interest-earning, insured DAI",10
385,Kickback online - the genesis,10
386,BarterTrade Mainnet Gold,10
387,Mega Mutant Serum Mint Party: Bored Ape #9317,10
388,MojoHeads: MojoLive #1,10
389,Welcome to POAP,10
390,Blockchain & COVID-19 | Blockchain Village @ Medini (BV@M) Web Series 001,10
391,Bone Shake LA (Metaverse),10
392,10k Club: Genesis,9
393,NFTHack Summit Attendee,9
394,JUMP Founding Member NFT,9
395,ITFK - LAUNCH DAY POAP - HCMF,9
396,ETH Network - Attendee (Gen 2),9
397,WIP Meetup 8/27,9
398,CrisisDAO Genesis Holder,9
399,Tusker Elephant Protector - Donation #1,9
400,APE FEST 2021,9
401,"Fair Launch Summit v1 - July 29, 2021",9
402,PIE DAO Community Call #7,9
403,Sotheby's Natively Digital,9
404,Intro to Aave | Southeast Asia DeFi Week 04.06.2020,9
405,ETH Network - Attendee (Gen 1),9
406,Accenture Blockchain @ Rutgers,9
407,Chicago Ethereum Meetup - Dogfooding Ethereum: Internal dapp pilot,9
408,JYD First 500 Discord Members,9
409,CT Analysis Event - Common,9
410,SIPHER Key 2 - Usf ukg Vjmenfsh Eiqner,9
411,ETHGlobal HackFS,9
412,Stoner Cats THC ,9
413,rAAVE,9
414,After Dinner Mints - 8/1/21,9
415,The Road To Devcon 2021 - Quest 2: POAP.art Painting Party Viewer,9
416,Scaling Ethereum Summit Attendee,9
417,Stoner Cats Vote on Robo Vacuum name ,8
418,UltraVitalik MegaPegaBufficorn - ETHDenver 2020,8
419,MyCrypto Launch 2021,8
420,Chainlink OCR Feeds: Shipped It!,8
421,Crypto-asado 2020,8
422,PieDAO Community Call #9,8
423,Aave V2 Pionners NFT,8
424,Zcon0,8
425,2.5 The Talk Show,8
426,JYD First 500 Twitter Followers,8
427,Bankless DAO Community Call #1,8
428,MyCrypto OpSec Appreciation Badge,8
429,BitcoinMalaysia Fastpass | 13 June 2020 - Certified by Blocklime,8
430,2021 Smart Contract Developer Bootcamp,8
431,Cool Cats in Miami,8
432,Optimistic Spartans ,8
433,BitcoinMalaysia Fastpass | 02 May 2020 - Certified by Blocklime,8
434,EthereumBA 24th edition,8
435,Ethereum Stakers Community Call #7,8
436,Pawlympics 2021 Trophy,8
437,Berlin Ethereum Meetup x ETHVR - V2,8
438,ETHGlobal HackMoney'21 Staked Hacker,8
439,2022 Bankless Badge,8
440,1559,8
441,Rocket Pool Celebrates 13k Holders,8
442,Pudgy Penguin owner as of August 2021,8
443,mStable - GrantsDAO Signer,8
444,DeFi Masterclass June 2021,8
445,mStable - Discord OG,8
446,BarterTrade Mainnet Bronze,8
447,The Cutting Edge with gmoney - Episode 1,8
448,POAP.art Sandbox Weekly Canvas - Week 27 2021,8
449,BanklessRU GR9 Supporter,8
450,Strawberry.WTF Reveal Drop Party,8
451,EVAVERSE - First Arrival,8
452,BanklessFR 2020,7
453,Wild Wednesday Survivor on /r/ethfinance,7
454,Let's VeeFriends :: 'Vee SOLD OUT' Clubhouse Party!!,7
455,Decentraland Halloween 2020 - Pumpkin Problem,7
456,KEEP Network Mainnet Stakers,7
457,Studio NouveauudiovisuaAlbum Release Party!,7
458,First Million Dollar AB Sale - Ringers & Eternal Pump,7
459,THE PLUG Physical Presale @ imnotArt Chicago,7
460,10k Phunks Strong,7
461,YES MENDOKUSAI YES NO MONEY,7
462,„ÇÑ„Åï„Åó„ÅÑDeFi#3: DeFi„É¨„É≥„Éá„Ç£„É≥„Ç∞„Å®„É™„Çπ„ÇØ,7
463,Pride Parade Event,7
464,2019 Empathy Elephant Cabernet Sauvignon (Limited Edition),7
465,SuperRare Artist 2022,7
466,Decentraland test run,7
467,DAppChaser GR8 Supporter,7
468,DeFi Trading at the Networking Layer - Chicago DeFi x bloXroute x Kyber,7
469,Blockchain Law - Rutgers University,7
470,Road to Devcon Attendee Survey,7
471,'The BoneYard' Grand Opening w/ NFTUpdates,7
472,Avime Gas Spike,7
473,Covalent | Valiant Alchemist,7
474,xDollar Early Supporters,7
475,zkSync Quiz 1,7
476,NONCON 2020 - Organizer,7
477,Collectorshub Supporter,7
478,Planet Wide SOS Hackathon,7
479,Umeeversity Quiz,7
480,NFTism: No Fear in Trying,7
481,Apefest Day 2,7
482,VeeFriends Insiders 555 Hour Mark,7
483,CoinGecko Virtual Meetup #14 | Exploring The Solana Ecosystem,7
484,Goobie (Goobers Reveal Party),7
485,HashGarage: Reveal Event,7
486,ETH Tokensale participant,6
487,PieDAO Community Call #10,6
488,Strawberry.Wtf Collectible NFT Drop Party,6
489,Glade PEACE BE WITH YOU! ,6
490,Web3 Weekend 2021 Staked Hacker,6
491,CrypToadz early supporter üê∏,6
492,ETH Network - Attendee (Gen 6),6
493,Earn crypto for freelance work and quadratic voting / CLR with Gitcoin - 2019,6
494,"Olympus - FOHMO 2, Day 5",6
495,BarterTrade Mainnet Platinum,6
496,mistX Flashbots Protect,6
497,Bankless DAO Community Call #4,6
498,Pawlympics 2021: Bronze Medalists,6
499,RTFKT NFT Auction,6
500,Nifty,6
501,Ethermore - Original Minter,6
502,Non Fungible Meetup #1 | Genesis Block,6
503,EthereumBA Asado,6
504,Live viewing of Pplpleasr NFT raffle by ENS hosted by EthStaker,6
505,EthereumBA 25th edition,6
506,The aPUNKalypse,6
507,Brain Drops Early Enthusiast,6
508,POAP y Crypto Plaza,6
509,Update Geth to v1.10.08,6
510,Winner of the 2021 NFT Tournament: The CryptoDads üèÜ ,6
511,Press - ETHDenver 2020,6
512,SIPHER Pre-Launch AMA ,6
513,PIE DAO Community Call #8,6
514,CryptoHoots - Kongz Smash the Floor,6
515,The Fastest KEaNU Draw üî´,6
516,Buidler (Hardhat) Early Adopter,6
517,Cryptograph Auction Participant - Jutta Steiner,6
518,Tycho : ISO50 - Brooklyn Mirage,6
519,Delphi Digital x Yield Guild - Disclosure Party 9/22/21,6
520,Muir Glacier Ethereum mainnet hard fork,6
521,DCX Virtual Bootcamp NFT 2021,6
522,OG Phunk Verified,5
523,PolyWhirl IDO Participation,5
524,EthStaker Community Call #11: Deposit Launchpad Roundtable,5
525,The Graph - Indexer,5
526,ETHIndia,5
527,r/ethtrader 1 Million Members,5
528,EthStaker Play-Along App Debut POAP,5
529,dHEDGE Super Manager,5
530,Ethereum Stakers Community Call #8,5
531,polygon zk day attendee,5
532,Ethereum.org Website contributor - Content - 2019,5
533,coinosis Curso desarrollo dApps en Ethereum,5
534,"#Staking4Fitness, cohort2",5
535,BitGo family member 2020,5
536,MCV Conclave of the Mages 2020,5
537,ETHTURIN 2020 - Team,5
538,BAYC Sotheby's Auction After Party w/ SPOTTIE - September 9th,5
539,ArchiveNode.io - Community Member,5
540,APE FEST WAREHOUSE PARTY 2021,5
541,Elijah's 24th Birthday Party,5
542,Bankless DAO Community Call #3,5
543,POAP.art Sandbox Weekly Canvas - Week 29 2021,5
544,/r/EthFinance celebrates Ether to $4k ,5
545,Altona Testnet Launch Viewing ,5
546,POAP.art Sandbox Weekly Canvas - Week 38 2021,5
547,ETH Online | Intro to ETH2 & Staking for Beginners,5
548,Zerion Community Call #2,5
549,ETH Staker Community Quiz Show #2 - Viewer,5
550,MetaSeoul2021,5
551,#HackMoney Chainlink Developer Office Hours,5
552,POAP.art Sandbox Weekly Canvas - Week 23 2021,5
553,Arbitrum Tribute ,5
554,Bankless DAO Community Call #5,5
555,MakerDAO Contributor - Q3,5
556,TS Rocket Factory - The First Ten,5
557,Yammiversary,5
558,V√®V√®Punkz X VeVe Hive Founder's Badge (1/150),5
559,FriDAI brunch #2 - The Potential of DeFi in India and Malaysia,5
560,999 Club: Genesis,5
561,Sushi's First Birthday!,5
562,Into the Interchain with Cosmos,5
563,VeVe Hive X JYD Dog-tag,5
564,Boho Bones Launch,5
565,Chicago DeFi Meetup,5
566,1k Phunks Strong,5
567,"JAY-Z x Derrick Adams - Heir To the Throne - An NFT, A Celebration of the 25th Anniversary of Reasonable Doubt",5
568,KnownOrigin X-MESS party! 29th Dec. 2021,5
569,Triforce,5
570,JUGF - Komplexes verst√§ndlich machen und wirkungsvoll kommunizieren im technischen Umfeld,5
571,First Mint Fest 2021 #1: Early Bird,5
572,Float Capital Early Adopter,5
573,Statue of LiBetty / Deadfellaz NFT NYC.,5
574,Stoner Cats - 1st Joint discord community call ,5
575,Uniswap Community Call #4,5
576,SIPHER Art Battle - The First Great War,5
577,FOR THE HORDE!,5
578,CT Analysis Thank you for your help with Google Forms!,5
579,DAO SUMMIT 06/30/2021,5
580,Inmersi√≥n en Yield Farming - Crypto Plaza,5
581,DAppChaser 2021 Dragon Boat Festival NFT,5
582,Lisa - First IT Discord Stage,5
583,CoinGecko Virtual Meetup #11,5
584,ETHOnline Attendee,5
585,Friend of POAP,5
586,Stoner Cats THC POAP ,4
587,MidnightÂ§èÂ≠£Breeze pre-release party POAP,4
588,Destroy to Create Drop,4
589,CryptoMondays LA - July 20th,4
590,NFT Community Twitter Day 1,4
591,Uniswap Community Call #3,4
592,CT Analysis Event - Rare ,4
593,TIMEPieces Town Hall - 10/28,4
594,EthStaker Challenge Coin - 2021,4
595,Automobilist - MakersPlace Event,4
596,Cryptograph Auction Participant - Alex Van de Sande,4
597,Cryptograph Auction Participant - Mona El Isa,4
598,Developer DAO - $CODE Snapshot Vote,4
599,Cryptograph Auction Participant - Eric Voorhees,4
600,The First Supper,4
601,DharmaCommunityBadgeAug2020,4
602,Cryptograph Auction Participant - Evan Van Ness,4
603,Cryptograph Auction Participant - Jake Brukhman,4
604,Devcon 2021 Painting Party - Pixel Dropper,4
605,Long Live The Empire!,4
606,Crypto-Pills NYC,4
607,POAP.art Sandbox Weekly Canvas - Week 22 2021,4
608,CoinGecko Virtual Meetup #9,4
609,Community Call #12 w/ Lakshman Sankar,4
610,ETHGlobal HackMoney'21 Summit Attendee,4
611,Nexus Mutual Protocol Cover Launch 26 April 2021,4
612,Pawlympics 2021: Gold Medalists,4
613,ICPSwap DEMO 1.0 9/17,4
614,"Alchemist Radio / Groovy.bot ‚Ä¢ Aug 29, 2021",4
615,Alchemist x CybertoothKat Pre-Drop Radio Jam // Copper // Alchemist Radio,4
616,VeeFriends NFT RedZone Week 6,4
617,Smart contract insurance with Nexus Mutual,4
618,Thales early supporter,4
619,Phunks Community Call THE FIRST,4
620,Institutional Adoption of DeFi: Unleashing new liquidity,4
621,CowSwap 17-09-2021 Testing Session,4
622,ETH Staker Community Quiz Show - Participant,4
623,3D Bored Apes Comic Release Promotion,4
624,ETH Network - Attendee (Gen 8),4
625,PieDAO Development Call #2,4
626,The Cutting Edge with gmoney - Episode 2,4
627,The Cutting Edge with gmoney - Episode 4,4
628,ETH Network - Attendee (Gen 3),4
629,TIMEPieces Town Hall - 10/21,4
630,ETH Network - Attendee (Gen 12),4
631,Unofficial Official Cool Cat Meet-up Los Angeles,4
632,Futureswap V4 Public Testnet Trader,4
633,CLOWK OG Chibi Badge,4
634,Tribe of Nature - Year 1,4
635,SuperYeti Inaugural POAP ,4
636,DPI 1Y ,4
637,0N1 Force Halloween Kick Off!,4
638,Zapper Season One OG,4
639,Bankless DAO Season 0 Participant,4
640,POAP POAP,4
641,Fashion Show 2.0 @ Decentraland,4
642,The Haiku Book,4
643,reNFT - Community Calls,4
644,DEADHEAD REVEAL PARTY IN DECENTRALAND,4
645,You have met Patricio in February 2022,4
646,Robotos Beep Boop Happy Hour,4
647,Official 2021 DCL ART WEEK - üíØxARt & NFTs.WTF,4
648,EthereumBA Asado veraniego - ¬øQu√© pas√≥ con el ATH? ,4
649,Liscon 2021,4
650,The WIP Meetup 11/19/2020,4
651,EthereumBA Asado -Agosto 2020-,4
652,Scaling Ethereum Hackathon Attendee,4
653,KnownOrigin February Artist Referral Badge ,4
654,r/EthFinance 2nd Birthday Livestream Party,4
655,POAP.art Sandbox Weekly Canvas - Week 40 2021,4
656,Studio NouveauudiovisuaStreaming Release Party!,4
657,APED NYC,4
658,OGBuds,4
659,Metaverse Festival - Genies presents Paris Hilton + Special Guest - Evolution Stage,4
660,[MyCrypto] MyCryptoWinter 2021 - #MyCryptoWinter,4
661,Pickle Finance W3FW 2021,3
662,Ethereum London Hard Fork„ÅäÁ•ù„ÅÑNFTÔºàJapan CommunityÔºâ,3
663,Metaverse Festival - 3LAU - Evolution Stage,3
664,MERRY MODZ DAY ,3
665,NYC Mices Meet ‚Äú7767‚Äù x Photo Gallery Member,3
666,HAPPY BIRTHDAY RIZZLE- SURPRISE PARTY 2020,3
667,NONCON 2020,3
668,"HENI presents Damien Hirst, ‚ÄòSunshine (Complex Relationships Explained Simply)‚Äô, at Claridge‚Äôs London",3
669,Moody Krows Presale Badge,3
670,GoodGhosting Alpha Testers,3
671,Ethfinance Community Pod: Genesis Depositor ,3
672,Odyssey Open Call ,3
673,Friendswithyou: Christie's x nft now,3
674,Liquid Summer by Playboy x Slimesunday Launch Party (ft. 3LAU),3
675,Pawlympics 2021: Silver Medalists,3
676,Sale of Fidenza #313 - AB Community POAP,3
677,Let's VeeFriends Pass Wk 6,3
678,Miami Blockchain Week 2021,3
679,Sherpa Academy - Olympus 101 ,3
680,Ratio Gang: Half way there,3
681,EthereumBA Asado -Octubre 2020-,3
682,Heir: A Game of Inheritance / Roadmap Update Reveal,3
683,Reddit / Rocket Pool Crossover Celebration ,3
684,Official CryptoDad #28 ,3
685,September in BED Giveaway,3
686,Secret Wine Party 2021,3
687,NiftyTable Early Subscriber ,3
688,SandStrom - The First-Ever Sandbox Event in History ,3
689,Sandymeow‚Äôs Listening Party: The Matthew & Rizzle Show ,3
690,PolygonLow#1-10 Wearables Party,3
691,Ethereum Decentralized Finance (DeFi) by Madison Blockchain,3
692,Ethereum.org Website contributor - Translation - 2019,3
693,MyAlbum Shareholder,3
694,EthCC 4 - Aave,3
695,POAP.art Alpha Testing,3
696,NFT.NYC Attendee,3
697,Piggy's Great Navigation Celebration,3
698,Proof of Ape - Miami Vice ,3
699,POAP.art Sandbox Weekly Canvas - Week 31 2021,3
700,NFT Fest Australia Unofficial Community POAP,3
701,LOOT Apers,3
702,Early Phettaverse Days,3
703,Sushi Forum - Phantom Troupe #1,3
704,Official CryptoDad #602,3
705,TIMEPieces Dreamverse Conversation - 10/26,3
706,Foodmasku @ MoMA: Proof of Attendance NFT #001,3
707,Ohmie Appreciation Night - Olympus Community Night 2,3
708,GRAYCRAFT1 EXHIBITION - RAPTURE GALLERY,3
709,Garden ‚Äì Bidder POAP ,3
710,Strata Early Supporter,3
711,NFTHack Hackathon Attendee,3
712,Launch of Secureum Bootcamp on Smart Contract Security Auditing,3
713,Ethereal Sessions #001,3
714,Farmer Bee xCOMB,3
715,ONE37pm‚Äôs 25 Days of POAP - Day 2 - Art Basel ,3
716,Known Origin - Adidas - Decentraland,3
717,ONE37pm‚Äôs 25 Days of POAP Day 6 | Boring Ape Chronicles,3
718,JUGF - JDK 13 und GraalVM im Java Ecosystem,3
719,Sunset of the Bison Trails brand,3
720,Preme Profits Founding Member,3
721,StakeFish Sandbox Party,3
722,Swaggy Cows Early Supporter,3
723,SIPHER Public Mint Launch Party - SIPHERIAN SURGE,3
724,Let's VeeFriends :: Meta - Journey Monday ,3
725,Rocket Pool Moon Mission Crew Patch,3
726,GeckoCon ‚Äì NFTs Gone Wild General Access Ticket 2021,3
727,ETH Staker Validator Workshop,3
728,Decentral Games x LandVault Scavenger Hunt #7- July 31st,3
729,Bankless DAO Season 2 ,3
730,„Äé‚ò≠„ÄèÂ∫ÜÁ•ù‰∏≠ÂõΩÂÖ±‰∫ßÂÖöÊàêÁ´ã100Âë®Âπ¥-- DCLÁ∫ø‰∏äÁ∫™ÂøµÊ¥ªÂä®,3
731,The Road To Devcon 2021 - Quest 3: Trivia Game Viewer,3
732,Decentral Games Atari Casino Launch Party w/ Dillon Francis - April 28th,3
733,Bankless DAO Community Call #2,3
734,Avime POAP #1,3
735,Chicago Ethereum Meetup - [ONLINE] Options for anything on Ethereum with Pods Finance,3
736,Axie Infinity JP 2nd Community Tournament,3
737,xDollar Early Adopters,3
738,The Daily Gwei 100th Episode,3
739,The Metalympics 11/19/2020,3
740,Alchemist Voters POAP #2 Core Proposal,3
741,Dungeons and Dragons - #2 - Training series,3
742,Dapper Space Collective Launch VIP,3
743,Buenos Cago,3
744,BRAINVOMIT THANKS √ú ,3
745,APED LA,3
746,Tree Creator ,3
747,Decentraland + Atari Launch,3
748,David Drebin Diamond Dust Digital ,3
749,APE FEST YACHT PARTY 2021,3
750,CowSwap 19-11-2021 Testing Session,3
751,DeFi LATAM - Meetup #1,3
752,DeFi LATAM - Meetup #2,3
753,Web3 Weekend Summit Attendee - 2021,3
754,Die Crypto Nerd Show 100,3
755,CowSwap Liscon Token,3
756,AzerBlock Poap:BIG DIPPER Ôºà7 Genesis GroupsÔºâ,3
757,CTK's Book of Alchemy AMA,3
758,Caf√© Crypto #004: Mariano Conti,3
759,Clipper - Community Liquidity Program ,3
760,ETH Network - Attendee (Gen 4),3
761,Tomorrow Is Just A Dream Away,3
762,Curio Cards in the Non-Fungible Vault,3
763,ETHAtlanta,3
764,Birth of the Cursed Ghosts,3
765,Alchemist Live Design Session featuring Ritesh,3
766,Cryptograph Auction Participant - Vlad Zamfir,3
767,Beacon Chain First 1024 Depositors and Proposers,3
768,Yam Community Call POAP 3 - NFTX,3
769,Asfi University - The passive Incooooohmer,3
770,Decentral Games Live NFT Auction - Studio Nouveau - March 2nd 2021,3
771,Community Call #14 w/ David Rugendyke,3
772,WAIFUMON Easter Egg Hunt at MetaZoo International 8,3
773,Yam Community Call POAP 2 - Rari Capital DAO,3
774,gmoney: 2022,3
775,Cryptograph Auction Participant - Mihai Alisie,3
776,Cryptograph Auction Participant - Emin Gun Sirer,3
777,ETH Staker Community Quiz Show - Viewer,3
778,currency G,3
779,Xmas 2020 Treasure Hunt - Making Spirits Right,3
780,ETH Staker Community Call #10: Secret shared validators and trustless staking pools,3
781,CoinGecko Happy Halloween 2021 NFT,3
782,DOTD21: Hotel Package ,3
783,Zapper Community Call #23,3
784,Decentral Games x LandVault Scavenger Hunt #2 - July 31st,3
785,The VOGU Collective Launch Party,3
786,Community Call #13 w/ Sacha Saint-Leger,3
787,Zapper Community Call #27,3
788,DIGIFIZZY Issue 3,3
789,Gnosis DAO Community Call 23/06/2021,2
790,NFT LA VIP 2022,2
791,Hodlercon 2022 Hawaii - Informational Meeting,2
792,AquaFi TN Round 1,2
793,Venomland Live,2
794,"VeeFriend 200,000 member!",2
795,SmartCon #1 Dutch Watch Party,2
796,Covalent Community Call # 3 ,2
797,Consensus 2021 by Coindesk - Speaker,2
798,Skullx Metaverse Launch Event ,2
799,VeeFriends NFT RedZone Week 5,2
800,HUXLEY Meme War 1 Badge,2
801,NFTokers Party,2
802,AlphaWallet Ephemeral,2
803,PieDAO Development Call #3,2
804,Ape Fest October 17th,2
805,Altair Ethereum Upgrade Awareness POAP,2
806,Genesis BlockHub DAO,2
807,VeeFam DAO WINS at Christie's Auction ,2
808,CryptoBash ,2
809,Stoner Cats Moshpit 7.26.2021,2
810,CryptoHoots - First 1k Hoots v2,2
811,Stoner Cats THC Oct 2021,2
812,"CryptoMondays LA - April 5th, 2021",2
813,NYC DAO Meetup #1,2
814,Cryptoadz Toadchella,2
815,GM.xyz New Users POAP,2
816,Cryptograph Auction Participant - Roger Ver,2
817,Futureswap - Community Council #1,2
818,Naughty PIPPI Airdrop 1st week,2
819,US Open 2021 - Men's Final - Session 25,2
820,DAOSquare CCO badge,2
821,Frens of xDollar - Early Supporters,2
822,Pawlympics 2021: Mutley Crew Participation Medal,2
823,After Dinner Mints 9/26/21,2
824,"Franky's Tavern - New Years, 2021",2
825,After Dinner Mints 9/12/21,2
826,CryptoCelestials CCMU Founders Token,2
827,Galaxy Coin ( GLXY ),2
828,Gitman,2
829,Peregrine - ETHDenver 2021,2
830,VeeFam DAO OGG Coin,2
831,Genie 1st 1K Discord Members,2
832,mStable - Auction Participant,2
833,mStable - Livestream Raffle Viewer,2
834,Alchemist x BlockFish AMA - POAP #1,2
835,Hot Wheels NFT Garage @ Decentraland,2
836,Generativemasks Genesis Badge,2
837,Space Shiba Mountain,2
838,Creator Collective - #levelupnft Digital Creatures of the Metaverse - PROMOTER,2
839,Spotify Hackweek 2021,2
840,Creature World Gas Wars,2
841,Crypto Art Week Asia 2.0,2
842,Philip Intern v. The Board of OpenSea,2
843,Unlocked 101 by Coindesk - Patricio Worthalter Speaker Session,2
844,Stand with Ukraine - 3.22 @Ukraine Donor,2
845,CryptoAvatar Giveaway,2
846,CryptoBabyPunks Take Hollywood! July 2021!,2
847,Aragon Team NFT,2
848,Cryptograph Auction Participant - Kathleen Breitman,2
849,Collar Testnet Early Supporter Community Event - Community Members,2
850,Bloot Girls Goddess Token,2
851,Rocket Pool Poster Raffle ,2
852,Proof of Ape - Scarface ,2
853,Zapper Terminator AMA #3 - Immasandwich,2
854,Rocket Pool Pre-Launch Systems Check: The Great Sell Wall,2
855,Bankless DAO Developer's Guild Season 0,2
856,Bankless DAO Community Call S1C2,2
857,"MetaMask @ The Gateway, Miami 2021",2
858,Launch of Web3 magazine - Fracton Ventures,2
859,Bored Bananas 1st Community Vote,2
860,Rocket Pool Waiting Game POAP,2
861,LandVault Launch Party 7/31,2
862,LandVault Community call 07/23,2
863,LORD OF HEXARCHIA: Pre-Sale and Closed Alpha Access,2
864,Bored in the Space,2
865,Zerion Community Call #6,2
866,MetaZoo International Grand Opening,2
867,Rovi Community Launch!,2
868,Zapper Community Call #28,2
869,Let's get digital! @Palazzo Strozzi by EVA DAO,2
870,Coke Boys LA Sneaker Genesis Community Member,2
871,ZERO GRAVITY - Charged Particles Art Drop #2 ,2
872,RFOX COMMUNITY POAP,2
873,RAC Early Membership,2
874,MERRY MODZ UNWRAP PARTY,2
875,BeetsDAO NFT.NYC Proof of Genesis ,2
876,MEGA Space #2 - Bulls and Apes Project,2
877,MYAMI OG Token,2
878,RSS3 Fully Supports POAP,2
879,Malaysia Blockchain Month (MBM2021) - EARLY SUPPORTER #NFT1,2
880,Beacon Book - Gitcoin Giveaway Participant,2
881,Beacon Book - ETHFinance Edition Raffle,2
882,BitBears‚Ñ¢ #BearDropWednesday,2
883,BitBears‚Ñ¢ Genesis Series NFT Burn Countdown,2
884,"Remember, Remember, the 24th of September",2
885,Proof of rAAVE - ETH Amsterdam 2022,2
886,Yam Community Call POAP 1,2
887,Battle Racers Summer Time Trials 2021 - Week 1,2
888,Xmas 2020 Treasure Hunt - Unsafe Open Sleigh,2
889,Balancer Simulations - TE Academy,2
890,Zodiac Friends Presale Attendee,2
891,BREAK THE BARS by David Bianchi- Red Carpet Premiere,2
892,Who-What-Weearable W/ Lolaroses & Avocuddle 11.20.2020,2
893,bitGANs - The Arrival,2
894,Moon Socks Launch ,2
895,Charged Particles Limited Launch NFT ,2
896,ETHOnline 2021 Staked Hacker ,2
897,Chicago Ethereum Meetup - Yield Protocol with Allan Niemerg,2
898,Muuu Lover,2
899,CityDAO Community Call #21,2
900,DCL Art Week 2021 - Day 1,2
901,CityDAO Community Call #4,2
902,My First POAP with ONE37pm,2
903,WIP Publishing - Synchronistic by AndE ,2
904,India Bitcoin Pizza Day 2021,2
905,Index Coop Turns One (2/2),2
906,dapp.tools og,2
907,I met Bryan Brinkman,2
908,WAIFUMON Easter Egg Hunt at MetaZoo International 1,2
909,Save Sushi Pixel Party,2
910,MolochDAO Rises!,2
911,Polkadot at EthCC[4],2
912,Certified business doge approves Pixl NFTs,2
913,KeeperDAO Community Call #1,2
914,Metaverse Festival - Deadmau5 - Evolution Stage,2
915,BRAINVOMIT & JOHN THANK √ú ,2
916,Metaverse Festival - MultiNFT Techno Stage - Day 3,2
917,KnownOrigin Community Call 10th Nov 2021,2
918,KnownOrigin Artist Referral Window #2,2
919,CAWA in Tokyo,2
920,West Coast Customs X CryptoDads 8 Bit Dad,2
921,SIPHER Easter Egg - Neko Quest,2
922,Cardstack Card Wallet on xDAI chain LAUNCH!,2
923,COSY at MetaZoo International,2
924,CS ITBA-OpenZeppelin: Intro a Ethereum Development I,2
925,Ponzi Pandas,2
926,SIPHER Key 3 - Savior of the SIPHŒûR Lab,2
927,Jax Hideaway: MetaJAX 2021-07-22,2
928,CYPHER AAVE - ETHDenver 2021,2
929,B20 Metapalooza launch event,2
930,After Dinner Mints 8/29/21,2
931,Beefy.finance - Beefy avatars whitelist ,2
932,UNIVERSAL POETRY by Universe.xyz & Monstercat,2
933,"Padawan Polytechnik, Cap√≠tulo 1. Entrenamiento Padawan, el Comienzo.",2
934,Edge & Node Team,2
935,The Wave x MetaKey x BYOPills,2
936,TensaiStudio Puzzle Lab Monthly Puzzle: Level 09,2
937,100x ARt Disctrict Launch,2
938,10K,2
939,POAP.art Sandbox Weekly Canvas - Week 39 2021,2
940,Ethereum Virtual Meetup - Pluto,2
941,uwucrew Poker Night #2,2
942,Ethereum Studymaster Platform - 2021 Graduate ,2
943,1st Place - The NFT Institute - DrakeMRC Metaverse Race,2
944,‚ÄòRelease the Kraken‚Äô Xmas party with 3LAU Live!,2
945,2020 GOBBLE GOBBLE FRIENDSGIVING METAFESTIVAL Presented by TokenSmart & Bittrees,2
946,5th Tally Community Call,2
947,TIME x POAP - NFT NYC,2
948,Epic Wizard Union Silver Twitter Supporter ,2
949,POAP.art Sandbox Weekly Canvas - Week 36 2021,2
950,TensaiStudio Puzzle Lab Monthly Puzzle: Level 12,2
951,A New Face For yCover,2
952,Tim Fowler - Memento Mori 100 Skulls - Launch of Skulls #30-#35 at MetaZoo International,2
953,Early Dippers,2
954,EthereumBA Asado - Wallet de Pixel 2021,2
955,EthereumBA Asado - SEASON FINALE,2
956,EthereumBA Asado - Marzo 2021,2
957,Tim Roughgarden: An Economic Analysis of EIP-1559 + Q&A with Vitalik Buterin,2
958,Tim Fowler - Memento Mori 100 Skulls Launch at MetaZoo International,2
959,„Çµ„Ç¶„Éä„É©„É≥„Éâ NFT MEMBERS,2
960,The first CryptoMaster Academy Event - DAY 2,2
961,ThorGuards NFT Escape Room Challenge | TheThorLady,2
962,ETH Network - Attendee (Gen 9),2
963,1 Year TrustSwap anniversary with Grand Opening in Decentraland!,2
964,Odyssey Open Community Call 10 Aug 2021,2
965,POAP.art Sandbox Weekly Canvas - Week 33 2021,2
966,"Decentral Games Casino Night - PLAY - Hosted by Tokensmart - March 10th, 2021",2
967,ETH Network - Attendee (Gen 11),2
968,The Rainbow Rollout,2
969,DCL Art Week 2021 - Day 3,2
970,POAP.art Sandbox Weekly Canvas - Week 49 2021,2
971,2545 Reveal,2
972,Ethereal Sessions #004,2
973,The Graph - Foundation Grantee,2
974,Descubriendo Blockchain - Sesi√≥n 8 con Alan Becker,2
975,The Defiant - Community Call #2,2
976,EthStaker Presents: Securing Your Rocket Pool Node w/ Mentor,2
977,Digital Explorers Founding Member,2
978,Decentralized Organizations Meetup,2
979,Ducks of a Feather Genesis Launch,2
980,The Doctor Who: Worlds Apart - First POAP,2
981,Dour Darcels | Web37 Daily 025,2
982,24th of September APES,2
983,EthStaker Presents: Altair Ethereum Upgrade Livestream,2
984,The Drink of the Gods,2
985,EthCC 4 - Witnet,2
986,ŒûTHŒûRŒûAL: Trevor Jones x Alotta Money x Don Diablo (GOLD Edition),2
987,The Nifty Island B33 Photo Contest,2
988,Olympus Agora - Agora Sub 500 Club,2
989,PEAK - Art Show at Mich Gallery North,2
990,38‚Ä∞ - 100 followers,2
991,Decentral Games' Presents BITBEARS' NFT Auction and Showcase - June 15th,2
992,The Maserati Collection by Maserati & Automobilist,2
993,ENS Workshop 2021 April,2
994,The Joel Comm Show,2
995,EthCC 4 - Anoma,2
996,Decentraland Test event,2
997,Outlier Ventures Diffusion Live: A Two Day Web 3 Conference,2
998,POAPathon REKT,2
999,EthCC 4 - Near Protocol,2
1000,Decentraland 1st Anniversary Party,2
1001,Ethereum 2.0,2
1002,Decentraland 2020 End of Year Party!,2
1003,ETH2SCC Ethereum Stakers Community Call #9 : Protolamda,2
1004,ETH Staker Community Quiz Show #2 - Participant,2
1005,EthereumBA asado y pileta - ¬°Lleg√≥ el ATH!,2
1006,First Mint Fest 2021 #3: Eternal.GG,2
1007,First Mint Fest 2021 #10: ZED RUN,2
1008,DXD One Year Anniversary Community Call,2
1009,Nounish at the Super Bowl 2022 #1 ,2
1010,SushiSwap Onsen AMA - Axie Infinity,2
1011,SushiSwap Onsen AMA - Illuvium,2
1012,Nounish at the Super Bowl 2022 #5,2
1013,Aavegotchi So Fire LoveGotchi Badge,2
1014,POAP.art Sandbox Weekly Canvas - Week 21 2021,2
1015,Fingerprints Miami Jim,2
1016,Ethermon Community Event 6,2
1017,Festival Iminente,2
1018,Festival Hackathon,2
1019,Aave Community Call - May 27 2021,2
1020,APED LA x Decentraland,2
1021,Farokh's POAP - NFT NYC 2021,2
1022,TruffleCon,2
1023,ETHEREALS + TALK TIME | DISCORD VIEWING PARTY POAP #1,2
1024,Farmer Bee pCOMB,2
1025,Adam Bomb Squad BOMB TALK with BobbyHundreds| DeadFellaz & Ethereals| ,2
1026,Nifty League Inaugural Twitter Spaces,2
1027,After Dinner Mints 8/22/21,2
1028,polyBURN Early Social Media Supporter,2
1029,Forefront DAO Summer #01 - Live on Twitter Spaces,2
1030,SuperYeti 2 ,2
1031,ETHKL Community Meetup August 2020: Making Sense of MACI,2
1032,DEFCON 27,2
1033,Tunney Munney: The Exhibition - NFT Collectors Preview,2
1034,After Dinner Mints - 8/8/21,2
1035,DIGIFIZZY Issue 4,2
1036,DIGITALAX LAUNCH 11.24.2020,2
1037,#FreePizzaDay 2021,2
1038,ETHGlobal HackMoney'21 Judge,2
1039,#FreeTheMouse | A Wearable POAP,2
1040,Sushi Samurai [Grant] - Governance Vote,2
1041,Danny Gallery featuring BAYC 4893 + Painting ,2
1042,SushiSwap Onsen AMA - Tokemak,2
1043,TE Academy - Ecosystem Value Flows TMG1 - Oct2020,2
1044,$London Nightclub DAO - Genesis Call August 2021,2
1045,EY Blockchain Summit Global Summit 2021 - Day 4,2
1046,EY Blockchain Summit Global Summit 2021 - Day 1,2
1047,rAave #2 Lisbon,2
1048,ONE37pm‚Äôs 25 Days of POAP Day 11 | Vinnie Hager,2
1049,ALTERED STATE | Charged Particles Metaverse Party and Art Drop #3,2
1050,EulerCoin 0x0,2
1051,DeFi Summer NYC,2
1052,EulerCoin 0x2,2
1053,Evaverse First Arrivals,2
1054,ÂÖÉÂÆáÂÆôÊ¶ÇËÆ∫ÔºàZoomÂØÜÁ†ÅÔºöiMetaverseÔºâ,2
1055,Thank you for 2000 followers!,2
1056,$SACKS Citadel,2
1057,EthStaker Crew @ ETHCC 2021,2
1058,FEWOCiOUS Visiting Adelia Art Gallery,2
1059,DeFi LATAM - Meetup #3,2
1060,FZTH-000 DAO Education,2
1061,The BitLift Podcast #4: Choosing The Right Crypto Custodians & Juggling Hot Wallets,2
1062,DaveDAO,2
1063,"ETHDenver 2021 Blockchain Arcade w/ Austin Griffith, Superphiz, and Unvetica",2
1064,ETHTURIN 2020 - Mentor,2
1065,Zapper Community Call #24,1
1066,Zapper Mobile App Tester,1
1067,RARE CarCoin X TS Drone - Community Collab - Audi R8,1
1068,Proof of Woofy,1
1069,ŒûTHŒûRŒûAL: Trevor Jones x Alotta Money x Don Diablo,1
1070,Qube - Season 1: Level 1 ,1
1071,üéüÔ∏è Mint Season 2: Listener Badge,1
1072,Yuanyuzhou Ventures 2021 Dragon Boat Festival ,1
1073,POAP.art Sandbox Weekly Canvas - Week 48 2021,1
1074,Property's x Josh Ong Twitter Spaces,1
1075,Pride ParadeÊé•ÂäõÊ£íÔºö‰∏≠ÂõΩÂå∫Êó∂Ë£ÖÊ∏∏Ë°å,1
1076,POAP.art Sandbox Weekly Canvas - Week 42 2021,1
1077,"Porsche Experience Center Atlanta - July 7, 2021",1
1078,Positive Pigs Drop Party,1
1079,Â∑¥ÊØîÁâπ&ÈìæËäÇÁÇπËôöÊãüÈ£ûËàπÊÄªÈÉ®ÂèëÂ∏É,1
1080,‰π°Âª∫‰∏≠ÂõΩÊÄùÊÉ≥Â±ï Plot the Soil : Reconstructuring the Country China,1
1081,POAP.art Sandbox Weekly Canvas - Week 35 2021,1
1082,Prueba Maker LatinAmerica Meetup,1
1083,PremeProfits Merch Drop #1,1
1084,Zerion Community Call #3,1
1085,Proof of Ape - Mr. Worldwide ,1
1086,Zapper Community Call #19,1
1087,Professional Services Attendance Award,1
1088,Public School with Kane Mayfield ,1
1089,ÂçÄÂ°äÂã¢ÁµÇË∫´Ë®ÇÈñ±ÊúÉÂì°ÔºàLifetime Membership @Blocktrend.todayÔºâ,1
1090,You've met Guido at ETHDenver 2022!,1
1091,PunkSteetBuds 1,1
1092,Qeystrokes NFT - Miami,1
1093,POAP.art Sandbox Weekly Canvas - Week 46 2021,1
1094,‚ú®PleasrDAO Art Party ‚ú®,1
1095,Point DAO,1
1096,Popeye Metaverse MADness Influencer Allowlist,1
1097,knownoriginmicrosistemas,1
1098,mDAO's Founding ,1
1099,"Padawan Polytechnik, Cap√≠tulo 6. Bitcoin y el Renacimiento Digital",1
1100,Pie OG,1
1101,"Padawan Polytechnik, Cap√≠tulo 3. Guerreros Jedi del Mundo Antiguo",1
1102,"Padawan Polytechnik, Cap√≠tulo 2. Armas y Trucos Mentales Jedi.",1
1103,PieDAO Community Call - May 5th 2021,1
1104,PieDAO Development Call #1,1
1105,Pace Gallery‚Äôs Community Exploring the Metaverse,1
1106,¬´The Eagle Has Landed¬ª ‚Äî Apollo 11 Launches from the Moon to the Metaverse,1
1107,keitest,1
1108,imToken POAP AMA,1
1109,gm show OG ,1
1110,Pillar V2 launch event: Will DeFi Cross the Chasm?,1
1111,PWN app access code,1
1112,Piprycto Community - üç£Sushi Oishii!,1
1113,teetssss,1
1114,Phunks w/Luke Martin & Ryder Ripps,1
1115,"Padawan Polytechnik, Cap√≠tulo 7. Seguridad Inform√°tica y Operacional en el Ciberespacio",1
1116,mStable - Genesis Team,1
1117,PageDAO Twitter Spaces 4/5,1
1118,paipaizs,1
1119,polyBUNNY x Sushi AMA,1
1120,mistX V2 Early Adopters - Batch II,1
1121,Pear Accelerator S21 Demo Day,1
1122,Pattern NFT by HITW,1
1123,Participant | Forta Agent Contest sponsored by Open Zeppelin,1
1124,REBEL BOTS NFT PARTY OF THE YEAR,1
1125,Parsiq - ETHDenver 2021,1
1126,Paper Handz,1
1127,r/AltStreetBets Hits 10K!,1
1128,Persian NFT Party #2,1
1129,Phenku First Drop: Closing Party,1
1130,"Paladin Community Call #2 - October 14th, 2021 ",1
1131,"Phish - Atlantic, City",1
1132,mStable Community Call - June 30 2021,1
1133,test event,1
1134,egirl podcast waiting room,1
1135,uwucrew Creative Competition #1,1
1136,block fish's investment hut,1
1137,bitGANs - The Escape,1
1138,POAPgod: Somewhere Over The Arbitrum,1
1139,POAPgod: EthCC 4,1
1140,belo - #ladob - DeFi_LATAM y comunidad con Luciano Orlando,1
1141,yDrinks @ MCON 2021,1
1142,Pollen DeFi @ DCentral Miami 2021,1
1143,[SnapFingersDAO] Genki Knight ÂÖÉÊ∞îÈ™ëÂ£´-Copper,1
1144,Polyient X Community Call 8/2/21 - DeFi,1
1145,[MyCrypto] National Talk Like a Pirate Day,1
1146,POAPathon 2021 - Inaugural Kickoff,1
1147,POAP.website Test 2021 v2,1
1148,PoolTogether 'Swim Meet' #18,1
1149,PoolTogether 'Swim Meet' #20,1
1150,PoolTogether 'Swim Meet' #21,1
1151,PoolTogether Winner,1
1152,yAcademy Award - Wizard - Block 0,1
1153,Polkadot - ETHDenver 2021,1
1154,Planet Wide SOS Hackathon Finalist,1
1155,xDollar <> Dfyn xPartner Series 0,1
1156,Plugworld POW Wow,1
1157,uwucrew Poker Night #1,1
1158,PUNKISM : Declaration of New Art Trends. Crypto Punks Solo Exhibition.,1
1159,PoL Batch Algorand,1
1160,dywxDAO Shanghai Offline Hangout 2021/09/20,1
1161,Poap Event,1
1162,Poap Nedir? ƒ∞lk Poap'ƒ±nƒ±zƒ± kazanƒ±n !!!,1
1163,Pocket Network Community Call ‚Äì June 25th,1
1164,Pods Community Call #4,1
1165,PRESENTING Opolis - ETHDenver 2021,1
1166,POAP„Éê„ÉÉ„Ç∏„ÄÄÈÖçÂ∏É„ÉÜ„Çπ„Éà,1
1167,coMEWnity (vol. 1),1
1168,xDai STAKE Astro Delegator: First 100,1
1169,blockchain certificate,1
1170,xDai Tigers - Raffle Ticket,1
1171,That's A Awful Lot Of West Coast Customs Desto Dubb Van,1
1172,Wall Street Bets - Diamond Dog,1
1173,RFI AMA 03-03-2021,1
1174,Torum Avatar POAP: Genesis Series,1
1175,SushiSwap Nakama AMA - POAP,1
1176,SushiSwap Nakama AMA - Zapper,1
1177,SushiSwap Onsen AMA - Kanpeki Finance,1
1178,SushiSwap Onsen AMA - Ruler Protocol,1
1179,SushiSwap Onsen AMA - dYdX,1
1180,Troublemaker,1
1181,SushiSwap Trident AMA,1
1182,Tree Planting Party - TEST,1
1183,Tracer NFT Oasis Smartcon event + Future of Finance,1
1184,Swell Network Gitcoin Grant Contributors,1
1185,Synthesis 2021 @ JO7.Gallery,1
1186,Tomb Chaser #1,1
1187,Somewhere Else: 100 Palms - Month 1,1
1188,TE Academy - Introduction to Token Engineering - Oct2020,1
1189,TEC Hatch Participation,1
1190,Tom Sachs Rocket Launch - Budweiser Brewery,1
1191,Tom Sachs Rocket Factory: VAB Headquarters Launch,1
1192,Tokyo Olympic 2020 Gold medal,1
1193,Titan Billionaire's Club - Early Arrival,1
1194,Thwip Vegas! '21,1
1195,ThorGuards 2nd Character Reveal Livestream,1
1196,The launch of China's manned spacecraft Shenzhou-12,1
1197,The first CryptoMaster Academy Event. DAY 1 ,1
1198,The World‚Äôs Dapp Store Launch,1
1199,SushiSwap MISO AMA - X.XYZ,1
1200,SushiSwap MISO AMA - Manifold Finance,1
1201,Sushi Trident x imToken Fans Forum AMA,1
1202,Trusted Seed Commons Stack,1
1203,VEECON x LEDGER: Artwork by Gary Vee,1
1204,VCA Resident Artist Auction Event,1
1205,Upshot Open Beta Launch Party,1
1206,Unstoppable Genesis ,1
1207,Startupy First Friends,1
1208,Unknown Encounters Exhibition,1
1209,Uniswap Community Call #6,1
1210,Underhanded Solidity Contest 2022 - Qualified Submissions,1
1211,USV Test 2,1
1212,USV Test,1
1213,US Open 2021 - Women's Semifinals - Session 21,1
1214,US Open 2021 - Women's Final - Session 24,1
1215,US Open 2021 - 3rd Round - Session 11,1
1216,US Open 2021 - 2nd Round - Session 7,1
1217,SuperLayer Sundays x pplpleasr,1
1218,US Open 2021 - 1st Round - Session 1,1
1219,UNVETICA POAP TESTING SESSION,1
1220,SuperRare NFT NYC Party @ Spatial Soho,1
1221,TŒûtranodŒû apes into Rocket Pool,1
1222,SuperRare Top 100 Collector Badge (April 2022),1
1223,SuperRare Top 100 Collector Badge (February 2022),1
1224,Sushi Forum #38,1
1225,Sushi Forum - Phantom Troupe #5,1
1226,TEST 2 for SUSHI POAP,1
1227,The Wonderquest Quest#2: Alison Wonderland presents WonderPotion ,1
1228,THE MIP: The Amazon Concert by Jose Cabrera,1
1229,Tally 9th community Call!,1
1230,Tally Community Call ,1
1231,The Cutting Edge with gmoney - Episode 8,1
1232,Tally Community Call 7,1
1233,Tellor - ETHDenver 2021,1
1234,Telstra Innovation Day October 2021,1
1235,TensaiStudio Puzzle Lab Monthly Puzzle: Level 01,1
1236,TensaiStudio Puzzle Lab Monthly Puzzle: Level 05,1
1237,TensaiStudio Puzzle Lab Monthly Puzzle: Level 06,1
1238,TensaiStudio Puzzle Lab Monthly Puzzle: Level 11,1
1239,TensaiStudio Puzzle Lab Weekly Puzzle: Level 18,1
1240,Test POAP,1
1241,Test XDEFI,1
1242,Testing 123,1
1243,Thales community call: Second edition,1
1244,Thales first community call,1
1245,The Crazy About Crypto Show with Pussy Riot,1
1246,The BoneYard - Show XXI - w/ Skvllpvnkz,1
1247,Thank you for attending the January 2022 MetaMask Community Call - Part2!,1
1248,Thank you for attending the March 2022 Infura Developer Community Call!,1
1249,The Aquarium Casino Launch,1
1250,The 100th Anniversary of the Founding of The Communist Party of China,1
1251,The 0xcc RPL Dumpening,1
1252,The 0x6b RPL Dumpening,1
1253,The DAOist - Paris 2021,1
1254,Talking about the meta-universe in the meta-universe,1
1255,The WIP Meetup 12/9,1
1256,Talent Land Digital 2021,1
1257,"The WIP 12/10/2020: SuperRare, TerraVirtua, Avaer Kazmer, BitBuzz, Mark McKenna",1
1258,The Vogu Collective Poker Night - Week Two ,1
1259,The Unofficial Stoner Cats Podcast (To Be Named) Ep. 1 ,1
1260,The Rollup ETHDenver Event,1
1261,The Rock Lobsters - Live in Lobsteropolis City,1
1262,The Other Avatars by Saatchi Art Participating Artist,1
1263,TIMEPieces Artist Talk - 10/19,1
1264,The Metalympics: BattleRacers /Sponsored by: Terra Virtua,1
1265,The Hex'd - Launch POAP,1
1266,The Great Time Rug of VC3,1
1267,The Great Migration from Rocket.chat,1
1268,TIMEPieces Artist Talk - 11/23,1
1269,The Graph Foundation Team,1
1270,TIMEPieces Artist Talk - 11/9,1
1271,The Graph - Initial Team,1
1272,The Gateway POAP,1
1273,The GREAT GIVEAWAY #1 - Sponsored by @michi_todd - Wave 3,1
1274,TIMEPieces Town Hall - 11/4,1
1275,The First Let's VeeFriends Clubhouse Pass ,1
1276,TIMEPieces x Deepak Chopra: Metahuman Adventures in the Metaverse,1
1277,TOREN - A Merit Circle party,1
1278,The Defiant - Community Call #3,1
1279,TUT USD 1.009,1
1280,VERSED Founding Token,1
1281,VIP Preview Untitled Art x Uniswap Grants Program,1
1282,RP discord hangs out with @SquishChaos,1
1283,Rubicon Community Call #1,1
1284,Workshop: Gasless MetaTransactions with OpenZeppelin Defender,1
1285,Rocket Pool Pre-Launch Systems Check: Trail of Bits Audit Completed,1
1286,Woodies Genesis Merch Drop,1
1287,Woodies Campfire Council #7 (Rosie Edition),1
1288,Women and Marginalised Gender Inequality in the NFT Community,1
1289,Rocketpool Discord Fixes POAP.fun,1
1290,WoW at Christie's London Evening Sale,1
1291,Room 5 Legends,1
1292,Rovi Community Call 3,1
1293,Rovi Community Roundtable 2,1
1294,Rovi Launch!,1
1295,WoW at Adidas x Creative Debuts exhibition,1
1296,VeeFam (Not yet a DAO) Bidding at Christie's Auction ,1
1297,Witness To The Traitors Redemption,1
1298,White Rabbit Prelaunch,1
1299,S3: S1_E3_Part 1,1
1300,SAS LEX 2021: Risk Management preview,1
1301,Where‚Äôs Farokh NFTNYC ‚Äò21,1
1302,West Coast Customs X PizzaDAO,1
1303,SHEMUNITY 14,1
1304,West Coast Customs MetaWhips POAP 1,1
1305,West Coast Customs - $WHALE ,1
1306,SIPHER Art Battle - The Second War (Scholars),1
1307,Wenqing Yu & Cui's Kunming Wedding POAP,1
1308,World of Women AMA #1,1
1309,Writer Spotlight: Jmaze - Metav3rse x MV3 space,1
1310,Rocket Pool Pre-Launch Systems Check: Final Article Released,1
1311,Rocket Pool Prater Testnet Launch Call,1
1312,RPL Reaches 0.01ETH,1
1313,You Met the Balancer Team @ ETH Denver,1
1314,Yinandyang stakes 3000ETH with Rocket Pool,1
1315,RVT3: Monterey Car Week 2021,1
1316,Yield Farming Masterclass with Covalent & APY.Vision,1
1317,Yearn Finance & KryptoCamp - 04/15 Fri 2100 Defi Talk AMA,1
1318,Yat Discord 50k Watch Party ,1
1319,Reading Things First 100,1
1320,Reality Cards Community Call #1,1
1321,Reality Cards Community Contributor POAP,1
1322,Republic Realm,1
1323,Reveal of the first MetaWatch,1
1324,Rift Office Hours - April 22 - Special Edition ft Bastion,1
1325,Risk Harbor Community inaugural AMA,1
1326,YOLO @ 1620 Launch,1
1327,Xmas Treasure Hunt - Jingle All the Way,1
1328,XDEFI Wallet Sushi MISO IDO,1
1329,Rocket Pool + Balancer Crossover,1
1330,Rocket Pool Bot Catcher POAP,1
1331,X-capital,1
1332,Rocket Pool Day 1 rETH Holder,1
1333,Rocket Pool Developers announce all the things we've been waiting for,1
1334,Wuki @ Crush Festival 2021,1
1335,Welcome to Parin.ART,1
1336,SIPHER Neko Creator,1
1337,Welcome To The Sevens ,1
1338,WHAT'S IN THE BOX ??? (Genesis V2),1
1339,WAIFUMON Easter Egg Hunt at MetaZoo International 2,1
1340,W3FW Panel: Collectibles and PFPs in the Metaverse ,1
1341,Visual Superpower Express Workshop - NFT Special,1
1342,Virtual Paraguayan Harp Concert,1
1343,Secret Society of Beef Cattle Drive 0x1 POAP,1
1344,September 2021 NFTboxes.io artist talk,1
1345,ShapeShift + Gitcoin DAO Meeting,1
1346,ShapeShift DAO Organizational Structure - BLAST OFF!,1
1347,Shark GM,1
1348,VeeFriends Welcome Wagon - Event 2,1
1349,VeeFriends NFT RedZone Week 9,1
1350,Shinsei Galverse Town Hall #1,1
1351,VeeFriends NFT RedZone Week 8,1
1352,Shiny Object Social Club - Janky NFT Collab,1
1353,VeeFriends NFT RedZone Week 7,1
1354,Signum ARK Gallery LAUNCH PARTY,1
1355,Silver Surfer - Launch Party Event,1
1356,VeeFriends NFT RedZone Week 1,1
1357,VeeFriends NFT RedZone Draft Night,1
1358,"Smilesss x Tropix Live DJ Party - November 28th, 2021",1
1359,Social @ Brewdog Shoreditch 13 Sep,1
1360,Solidity Underhanded Contest 2020 ,1
1361,Solidity Underhanded Contest 2020 - Winners,1
1362,WAIFUMON Easter Egg Hunt at MetaZoo International 5,1
1363,WIP ASIA Sponsored by KnownOrigin ,1
1364,Weekly NFT News and Naughty PIPPI Friendship POAP,1
1365,SXSW w/ Stonez & Crux,1
1366,Weekly Avastars Giveaway! ,1
1367,Weekly Avastar Giveaway 2021-04-20,1
1368,Web3 Jam 2021 Summit Attendee,1
1369,Web3 Fashion 101,1
1370,SPICEOIDS,1
1371,SPOOKY SPACE #1,1
1372,Wall Street Bets - Liquidity Pool,1
1373,Wall Street Bets - Due Diligence,1
1374,Wall Street Bets - Diamond Hands,1
1375,WalasavagePhoto's Genesis Space,1
1376,Waifumon Pop Up Exhibit at MetaZoo International ,1
1377,WTF are NFTs Conferenece Day 5,1
1378,WTF are NFTs Conferenece Day 4,1
1379,WTF are NFTs Conferenece Day 2,1
1380,WTF are NFTs Conferenece Day 1,1
1381,WOLVES OF THE NORTH,1
1382,WOBBLEBUG - FIRST CONTACT,1
1383,SPS TechJam 2021,1
1384,SSX3LAU - Makersplace @ Decentraland,1
1385,STEREUM - Early Contribution POAP ,1
1386,STEREUM - Update & Upkeep Challenge - March 2022 - S-Tier ,1
1387,STONEY EYE HAUNTED RAVE Halloween Party at MetaZoo Intl.,1
1388,SUGAR CLUB MOMUS PARTY- Bootsy Collins & Eclectic Method,1
1389, Chainlink New York: Hybrid Smart Contracts Happy Hour,1
1390,HausParty 20-05-21 S02E04: The MetaFactory,1
1391,POAP.art Sandbox Weekly Canvas - Week 20 2021,1
1392,Cryptograph Auction Participant - Jeremy Gardner,1
1393,DAOPunks x Hyype - Alpha Race Participant,1
1394,"Cypherpunk Nightmares, Vol XXVII, ‚ÄúCybernetic Visions from a Hypertechnified World, pt 2‚Äù",1
1395,"Cypherpunk Nightmares, Vol XVII, ‚ÄúCryptoCitadels, CyberStates, Dark DAOs & BlackNets‚Äù",1
1396,"Cypherpunk Nightmares, Vol XVI, ‚ÄúHyperBitcoinization and the New Digital Economy‚Äù",1
1397,"Cypherpunk Nightmares, Vol XV, ‚ÄúPadawan Polytechnik & Jedi Religion‚Äù",1
1398,Custorian POAP test event,1
1399,Crystal 1.0 conference,1
1400,CryptoTjark's First 50,1
1401,DAOs & DeFi - TyanHaus 2021,1
1402,"CryptoMondays LA - June 28th, 2021",1
1403,CryptoKaiju Valentine's Day,1
1404,CryptoBaristas Season 1 AMA,1
1405,Crypto X Miami,1
1406,Crypto Valley DCL Job Fair ,1
1407,Crypto University Student Identification card ,1
1408,Crypto Sapiens | Philip Silva 6.29.21,1
1409,DAOhaus Attendee - 210318,1
1410,DAY 2 - MetaJAX - CryptoJazz Festival 2021-07-10,1
1411,Crypto Investor Fans Party Shanghai 2021,1
1412,DXdao Governance Two Year Anniversary ,1
1413,DeFi LATAM Virtual #1,1
1414,DeFi LATAM - Meetup #4,1
1415,Day 2 Untitled Art x Uniswap Grants Program,1
1416,Dark Mode 02,1
1417,Dark Forest v6 Round 3 - Pocket Sponsored xDAI Endpoint,1
1418,Dapp-Learning-111,1
1419,DYGYCON 2020,1
1420,DV Test ,1
1421,DCL Art Week 2021 - AFTER PARTY,1
1422,DOTD21: Party Pass,1
1423,DJPEPE 5 year Birthday,1
1424,DHWCC Moderator Poap,1
1425,DG Chinese Community - WeiBo,1
1426,DEGEN DAILY - Spaces OG,1
1427,DEEPFAITH THE FIRST - DeepFaith Membership,1
1428,DCL Art Week 2021 - Day 2,1
1429,Crypto Plaza,1
1430,Creepy Creams To The Spoon: POAP #2,1
1431,Clr.fund Contributor (Round 7),1
1432,Coinbase x ONE37pm 'Probably Nothing Party',1
1433,Conscience Codex Genesis Token,1
1434,Compound - ETHDenver 2021,1
1435,Community meeting - Barnbridge x UMA,1
1436,Community Call #15 w/ Danny Ryan,1
1437,Commons Simulator Contributor,1
1438,Commeownity call 8.3.2021 ,1
1439,Collar Testnet Early Supporter Community Event - DApp Testers,1
1440,CoinGecko Virtual Meetup #16,1
1441,ConsenSys 3 Years Service Award,1
1442,CoinGecko Virtual Meetup #15 | Exploring The Terra Ecosystem,1
1443,CoinGecko Virtual Meetup #10,1
1444,Coin-Op 2021 | Where Crypto Meets Gaming,1
1445,Code Green Couple,1
1446,Coaching and Emotional Support Platform SOS Token Winner,1
1447,Clubhouse - Narcissus Gallery Rare Pepe Auction ,1
1448,Club CPG Mekaverse L Day,1
1449,ConsenSys 2 Years Service Award,1
1450,ConstitutionDAO Ape,1
1451,Creator Collective - #levelupnft Digital Creatures of the Metaverse - ARTIST,1
1452,CowSwap 10-09-2021 Testing Session,1
1453,Creative Friendz Pre-Sale Event - May 21st 2022,1
1454,Creams Around The World,1
1455,Cowswap Kaffeekr√§nzchen (aka Testing session) ,1
1456,CowSwap User Research Volunteer,1
1457,CowSwap Testing Session,1
1458,CowSwap Batch Master,1
1459,CowSwap 27-08-2021 Testing Session,1
1460,CowSwap 06-08-2021 Testing Session,1
1461,ConstitutionDAO Whale,1
1462,Covalent | The Interplanetary Alchemist Olympiad -- Closing Ceremony,1
1463,Covalent | Regional Leader Alchemist,1
1464,Core HQ - The Arrival - Decentraland,1
1465,Coopahtroopa x Launch House KICKBACK,1
1466,Cool Blue IRL - Miami 2021,1
1467,Contribution DAO Meetup #1,1
1468,Content2049: Hurricane DAO or Forever DAO,1
1469,DeFi Masterclass May 2021 Cohort 2,1
1470,Deadfellaz x Steve Aoki Halloween 2021,1
1471,Deadheads Underworld Uprise,1
1472,Descubriendo Blockchain - Sesi√≥n 2 con Alejandro Machado y Evan Van Ness,1
1473,Doge Generals NFT Twitter Spaces 10-31-2021,1
1474,Disciple of Hades,1
1475,Developer DAO Season 0 Snapshot Vote,1
1476,Developer DAO - Town Hall - November 5 2021,1
1477,Developer DAO - Season 0 Extension Vote,1
1478,Descubriendo Blockchain - Sesi√≥n 7 con Santiago Palladino,1
1479,Descubriendo Blockchain - Sesi√≥n 3 con Camila Russo,1
1480,Descubriendo Blockchain - Sesi√≥n 12 con Andr√©s Junge y Milton Berman,1
1481,Doodle Labs: Mr. Kaves & The Family Mooks,1
1482,DegenData - Top Toadz Traderz,1
1483,Defi‰∫ßÂìÅÂèäÁõ∏ÂÖ≥‰∫ßÂìÅÊ°à‰æã,1
1484,Defend Crypto Phonebank ,1
1485,Decentraleo 2021,1
1486,Decentraleo 2020,1
1487,Decentral Games' Waifumon Launch Party NFT POAP #2,1
1488,Decentral Games' Waifumon Launch Party NFT POAP #1,1
1489,Dogs Unchained - Thanksgiving 2021,1
1490,Dragon City 1st Anniversary Virtual Performance,1
1491,Death ... Reanimated by Jose Delbo,1
1492,ETH Staker Community Quiz Show #3: Rocket Pool - Participant,1
1493,ETHIndia Online: Chain Runner Hackathon,1
1494,ETHGlobal 2021 w/ Superphiz & Unvetica.eth - A Layman‚Äôs Look at Staking on Ethereum,1
1495,ETHFinance POAP-Bot Testing,1
1496,"ETHDenver, LogicBeach.eth & Britten.eth",1
1497,ETHDenver 2019,1
1498,ETHAmsterdam 2022 Staked Hacker,1
1499,ETHAmsterdam 2022 Judge,1
1500,ETH Network - Attendee (Gen 35),1
1501,Dragon Quest - Sponsor,1
1502,ETH Network - Attendee (Gen 34),1
1503,ETH Network - Attendee (Gen 30),1
1504,ETH Network - Attendee (Gen 24),1
1505,ETH Network - Attendee (Gen 14),1
1506,ETH Network - Attendee (Gen 10),1
1507,ETH Lisbon Attendee - Day 2,1
1508,Dulce N Allies NFT Gallery Soft Opening,1
1509,Decentral Games' WSODG W30 -Tuesday - July 27th,1
1510,Decentral Games' WSODG W24 -Wednesday - June 23rd,1
1511,Decentral Games' WSODG W24 -Tuesday - June 22nd,1
1512,Decentral Games Casino Night - Crypto - March 26th,1
1513,Decentral Games Live NFT Auction - Mythic DG Kicks - March 18th 2021,1
1514,Decentral Games Live NFT Art Auction - justLilly - March 16th 2021,1
1515,"Decentral Games CoinGecko 7th Year Anniversary Celebration - April 9th, Day 2 ",1
1516,Decentral Games Casino Night - PLAY - March 24th,1
1517,"Decentral Games Casino Night - PLAY - Hosted by Tokensmart - March 3rd, 2021",1
1518,Decentral Games Casino Night - Crypto - March 8th 2021,1
1519,Decentral Games Casino Night - Crypto - March 5th 2021,1
1520,Decentral Games Casino Night - Crypto - March 1st 2021,1
1521,Decentral Games' WSODG W24 -Monday - June 21st,1
1522,Decentral Games Casino Night - Crypto - March 15th 2021,1
1523,Decentral Games Casino Night - Crypto - March 12th 2021,1
1524,Decentral Games Casino Night - Crypto - Hosted by WOLFPACK - March 19th,1
1525,Decentral Games Casino Night - Crypto - Featuring DJ Adam Oam - March 22nd,1
1526,Decentral Games Casino Night - Crypto - April 9th,1
1527,Decentral Games - baus's Surprise Birthday Party! ,1
1528,"Decentral Games $DG Hodler Roundtable and DAO Discussion - March 18th, 2021",1
1529,Decentral Games Live NFT Auction - WizardX - March 9th 2021,1
1530,Decentral Games Up Late with DG Casino Night - PLAY - April 22nd,1
1531,Decentral Games x APES 3D Scavenger Hunt #3 - Augutst 22,1
1532,Decentral Games x LandVault Scavenger Hunt #10 - July 31st,1
1533,Decentral Games' WSODG W23 -Wednesday - June 16th,1
1534,Decentral Games' WSODG W23 -Tuesday - June 15th,1
1535,Decentral Games' Up Late with DG Casino Night - September 16th,1
1536,Decentral Games' Presents Amnesia SuperClub Virtual Launch Party - October 9th,1
1537,Decentral Games' Presents 3D Apes x Hotz House NFT Celebration - July 3rd,1
1538,Decentral Games' Mutant Cartel Metaparty & Crypto Competition - December 4th,1
1539,Decentral Games' Immerse with Pop RoXxX - July 9th,1
1540,Decentral Games' Community Meet Up - July 12th,1
1541,Decentral Games' Atari Crypto Casino Night - July 7th,1
1542,Decentral Games' ALMIGHTY $First Collection 1 After Party - September 1st,1
1543,Decentral Games' $DG Hodler Roundtable and DAO Discussion - July 8th,1
1544,Decentral Games x LandVault Scavenger Hunt #6 - July 31st,1
1545,Decentral Games x LandVault Scavenger Hunt #5 - July 31st,1
1546,Decentral Games x LandVault Scavenger Hunt #4 - July 31st,1
1547,Decentral Games x LandVault Scavenger Hunt #3 - July 31st,1
1548,Clr.fund Public Goods Pool Party,1
1549,CityDAO Community Call #8,1
1550,ETHMemphis,1
1551,Amnesia Virtual Launch Party - DJenerates' VIP Lounge - October 9th,1
1552,AquaFi TN Round 3,1
1553,AquaFi TN Round 2,1
1554,Animetas Launch Party!!! (Presented by Last Slice),1
1555,Angels of Aether Community Genesis POAP,1
1556,Analog Summer Original Minter - MetaWatches,1
1557,Amy Winehouse,1
1558,Amphora,1
1559,Alpha & Chill w/ OK Hotshot EP. 2,1
1560,Art Blocks Collectors Meetup,1
1561,Alpacadabraz AlpacaParty!!! ,1
1562,Alison Wonderland Hatching Event and Performance,1
1563,Alison Wonderland Coming Soon,1
1564,Alchemix' April Fools,1
1565,Alchemist ‚öóÔ∏è Toomanytrips' Radio Spectacular on Alchemist Radio,1
1566,Alchemist ‚öóÔ∏è The Crucible Sessions feat The Mekon in Alchemist Radio,1
1567,AirSwap Governance Vote - 22 July 2021,1
1568,Arbitrum mining brrrr... by Hundred Finance,1
1569,Art Blocks Gallery Opening,1
1570,After Dinner Mints 9/19/21,1
1571,Azerblock AMA Session:The Spartans,1
1572,Banano Community Call 5,1
1573,Balancer Simulations - TE Academy - Exceptional Contributions,1
1574,Balancer <> Gro Protocol AMA,1
1575,BDAO Community Call #7,1
1576,BAYC WAREHOUSE FOMO COUCH CLUB,1
1577,Azerblock AMA SessionÔºöNFTrade (NFTD),1
1578,Azerblock AMA SessionÔºöBagels Finance ÔºàFavor PoapÔºâ,1
1579,AzerBlock Internationalization Poap,1
1580,Artisan Swap founders token,1
1581,AzerBlock AMA Session - Scaleswap,1
1582,AzerBlock AMA Session - Deeper Network,1
1583,Azer Block Community Call & AMA with Sukhavati,1
1584,Avastars Birthday Party WINNER POAP,1
1585,Aura Glitch - BitClout Inaugural IRL Group Art Show,1
1586,Attendee - ETHDenver 2021,1
1587,Ask the Holochain team Anything!,1
1588,AirSwap Governance Vote - 19 Aug 2021,1
1589,After Dinner Mints 8/15/21,1
1590,City Roots Giveaway,1
1591,0xCryptoSummer Twitter Supporter ,1
1592,2309: The First Community Chain,1
1593,22k de seguidores en Twitter,1
1594,2021Âπ¥ÈæôËëµÁ§æÂå∫AMAÁ∫™Âøµ,1
1595,2021 Smart Contract Developer Bootcamp - Trainer Certificates,1
1596,2020 Ethereum.org Contributor,1
1597,1st Land DAO Governance Proposal,1
1598,11/12 Celebration ,1
1599,(TEST 3) for SUSHI POAP,1
1600,25K Altards going to the moonüöÄ,1
1601,'The BoneYard' - Show VII - w/ NFT Update,1
1602,'The BoneYard' - Show VI - w/ NFT Update,1
1603,'The BoneYard' - Show V - w/ NFT Update,1
1604,#SmartCon 1 New York City Watch Party,1
1605,#FLORIDAMANWASHERE @ FIU DEC. 2021,1
1606,#1-3 The BitLift Podcast Launch,1
1607,!vibe & !croak,1
1608,2545 Genesis Participant,1
1609,2K HODLers,1
1610,After Dinner Mints 10/27/21,1
1611,ADA Punks Release Party!,1
1612,Afiliado Bankless Brasil - 2021,1
1613,"Across Protocol - Launch Day Quiz Participants Nov. 8th, 2021",1
1614,Acala Network - ETHDenver 2021,1
1615,Aavegotchi Rarity Farming SZN 1 Badge,1
1616,Aastronaut Aavegotchi ,1
1617,ALPHA HORDE,1
1618,ALL Degens' Night ,1
1619,ABS X METALINK,1
1620,32wonders - Opensea Listing Party Attendee,1
1621,ABM Launch Party + Eclecticmethod,1
1622,@foodmasku-niversity Inaugural Class,1
1623,994.ETH - GR10 Contributors,1
1624,88mph community call feat. Harvest finance and Complifi,1
1625,40 and Fabulous! Happy Birthday!,1
1626,3¬∞ Encuentro Ciclo Cripto - Trama 2021,1
1627,33NFT - SuperRare Space Race,1
1628,Bankless Community call #24 ,1
1629,Bankless DAO Community Call S1C12,1
1630,Bankless DAO Dev Guild Call #3,1
1631,Burning of Dotta,1
1632,CRYPTOPHUNK DELISTING PARTY,1
1633,CROMULON at MetaZoo International,1
1634,CNNNR TOKEN,1
1635,CLUB NIGHT May 28 @ Flashrekt's Temple of Beats at MetaZoo International - 2021,1
1636,CLOWK Recruitment Day Badge,1
1637,CHAINFLIP OG STUDY CLUB,1
1638,CATEGORYFIVE PRESENTS DECENTRALIZED PRIDE NIGHT 2,1
1639,Bullet Labs Founding Members,1
1640,CYPHER 1Inch - ETHDenver 2021,1
1641,Build a dApp Workshop,1
1642,Brinkman in LA,1
1643,BrightID Community Call & AMA # 14 - Giveth,1
1644,Bright Moments CryptoLondoners Meetup,1
1645,Brian Morris x REMIX! Order of the Glass Apes AMA ,1
1646,Brandverse X Jpunk - POAP 5,1
1647,Bored in Chicago hosted by I‚Äôm_not_Art,1
1648,CT Analysis Event - Rare(Alt Color),1
1649,CYPHER Ceramic - ETHDenver 2021,1
1650,Bankless DAO Marketing Guild SEASON 0,1
1651,Chainlink Flux Monitor: Shipped It! ,1
1652,Cipher 2021-08-05,1
1653,Church of Church Community Call Odyssey ,1
1654,Church of CIPHER!,1
1655,Chicago Ethereum Meetup - [ONLINE] Help build Chicago's PoolTogether fork,1
1656,Chicago Ethereum - Eth2 staking with Superphiz and Michael Giesen,1
1657,Charla abierta - Tokens en Ethereum: NFT Tokens + POAP Wallet,1
1658,Changsters Collection by Daddy Chang,1
1659,Chainlink Builder: I have a smart contract with Chainlink on testnet,1
1660,CYPHER Harmony - ETHDenver 2021,1
1661,Chainlink Bootcamp #0,1
1662,Chainlink - ETHDenver 2021,1
1663,Celebration for 1000 POAPs collection,1
1664,Celebrating first Nifty Ally supporters,1
1665,Cardano ( ADA ),1
1666,Canna Comics Promo Release,1
1667,Cafe POAP - DAO E,1
1668,Bored Ape Yacht Club NYC Meetup,1
1669,Bored Ape LA Meetup,1
1670,"Bored & Hungry Grand Opening April 9th, 2022",1
1671,BanklessDAO Writers Guild Meeting 06.01.21,1
1672,Berlin Canvas Participant,1
1673,Behr Paints x Doodles SXSW 2022,1
1674,Behind Bars Pre-Save Party,1
1675,Beefy.finance - Birthday twitter space,1
1676,"BearX x Tropix DJ ROOT Party - November 13th, 2021",1
1677,Battle Racers Summer Time Trials 2021 - Week 3,1
1678,Battle Racers Summer Time Trials 2021 - Week 2,1
1679,BanklessDAO Solidity Learning Group,1
1680,Bopper Bounty #1 - HaloDAO,1
1681,BanklessDAO Research Guild Weekly Meeting 06.09.21,1
1682,BanklessDAO First Quest,1
1683,"Bankless ETH Staking Panel | Rocket Pool, Coinbase, Lido | RP DISCORD LIMITED EDITION",1
1684,Bankless DAO Season 2 Launch,1
1685,Bankless DAO Season 0 Writer's Guild,1
1686,Bankless DAO Season 0 Education Guild,1
1687,Bankless DAO Season 0 Design Guild,1
1688,Bicep Live Brixton 1 - 09.09.21,1
1689,Biconomy - ETHDenver 2021,1
1690,BitBones May 2021 Exhibit at MetaZoo International,1
1691,Bitbones After Party at Flashrekt's Temple of Beats at MetaZoo International,1
1692,Bomb Talk with Bobby Hundreds and special guest Gary Vee,1
1693,Bloxstaking SSV Community Call #1,1
1694,BloxStaking & SSV.network AMA #1 2nd wave,1
1695,Blockhead Devs Founding Members - BDFM,1
1696,Blockgeeks Crypto Investment School - Summer 2021,1
1697,Blockchain Village 2021 @ DEF CON 29 - Speaker/Staff,1
1698,Blockchain Village 2021 @ DEF CON 29,1
1699,Blockchain Manchester: Meetup 11: The rise and rise of NFTs (Talks + Q&A),1
1700,Blockchain Land @ Home 2021 d√≠a 2,1
1701,Blockchain + Dig. Currency Academia,1
1702,Blockbirds #1013 Diurnal Alien Mysterious,1
1703,Bkfc at The Aquarium Decentraland ,1
1704,Bitlectro Labs November 2021 Metaverse Party,1
1705,Bitlectro Labs March 2022 Metaverse Party,1
1706,Bitchcoin Curated Season 1,1
1707,ETHKL : Shedding Light on the Ethereum Dark Forest,1
1708,ETHOnline 2021 Summit Attendee,1
1709,POAP Âçé‰∫∫Á§æÂå∫Ë∞ÉÊü•ÈóÆÂç∑ÂèÇ‰∏éËÄÖ - 2021,1
1710,MVMF Twitter Q&A ,1
1711,Mario Kart,1
1712,March Retreat,1
1713,MarbleClash ‚Äì Summer Tour 2021 ‚Äì Finalist,1
1714,Manchester City x Jon Noorlander - MakersPlace Event,1
1715,Malaysia Blockchain Month (MBM2021) NFT6 CYBER PUNK,1
1716,Malaysia Blockchain Month (MBM2021) #NFT3 BLUE,1
1717,Malaysia Blockchain Month (MBM2021) #NFT2 MALAYSIA FLAG,1
1718,MVHQ NFT.NYC Rooftop Party 2021,1
1719,MaskDAO Weekly Call - Saturday 10/02,1
1720,MOKNA - Museum of Korean NFT Art - POAP the New MOKNA Logo,1
1721,MFERS 420 ASSEMBLY IN OM,1
1722,MEV & private txs w/ Yearn ,1
1723,METALYMPICS WHALE MAZE EVENT 12.17.2020,1
1724,MEGA SPACE - The Bulls and Apes Project,1
1725,MCON PreParty ft. PussyRiot,1
1726,MCON 2021 Contributor ,1
1727,Mars26 Metaverse Launch,1
1728,MaskDAO Weekly Calls 9/11,1
1729,MADworld x Dose Collaboration Allowlist ,1
1730,MetaTrip #04,1
1731,Metaverse Festival - RAC - Evolution Stage,1
1732,Metaverse Festival - MultiNFT Techno Stage - Day 2,1
1733,Metaverse Festival - MultiNFT Techno Stage - Day 1,1
1734,Metaverse Expedition 2-4,1
1735,Metaverse Expedition 1-4,1
1736,Metav3rse x Metarelics Twitter Spac3s,1
1737,MetaZoo's Secrets of Egypt POAP,1
1738,MetaPass HackMoney,1
1739,Masterpiece Pioneer,1
1740,MetaMess Twitter followers 1K,1
1741,MetaBET Weekly AMA #1 - Upgraded Roadmap and Genesis NFT Collection,1
1742,Meta Soir√©e,1
1743,MegaCube,1
1744,Medalla Testnet Genesis Validator - Lodestar client,1
1745,May 2021 VIP Meeting at MetaZoo International,1
1746,Maximalist Templars - Truth Division Coat-of-Arms,1
1747,MARBLECARDS ‚Äì Wired collection launch,1
1748,M3mber pin,1
1749,Koop Ser,1
1750,LOOK‚Äî Web3 Metaverse Composable Fashion ,1
1751,Let's VeeFriends CH Pass No. 4,1
1752,Let's VeeFriends CH Pass No. 3,1
1753,Let's VeeFriends :: WannaBe A VeeFriend ,1
1754,Les Amis d'Ethereum France #1 ‚Äî Sismo & Jellyfi,1
1755,Ledger Comex 2021,1
1756,Launch of BitBears‚Ñ¢ HQ,1
1757,LTO AMA,1
1758,LINA Trading Competition,1
1759,Let's VeeFriends Clubhouse Pass Wk 5,1
1760,LEMUR LEMUR - Metaverse party 25%,1
1761,LADZ City - EASY St. with EZincrypto and SphericalArt ,1
1762,Kyzo//001-S Savior Badge,1
1763,Kyzo First 100,1
1764,Kwenta OG Badge,1
1765,Kumo x World - Expedition #8 Participant,1
1766,Kumo x World - Expedition #1 Participant,1
1767,Let's VeeFriends CH Week 12,1
1768,Let's VeeFriends Clubhouse Pass Wk 9,1
1769,M3 Production Crew Test,1
1770,LogicBeach Puzzle POAP,1
1771,M3 OG,1
1772,Lyra Community #4,1
1773,Lyra Community #2,1
1774,Lushsux Makersplace event,1
1775,Lunchclub Meeting with Leah,1
1776,Lunacian Latin Invitational,1
1777,LoveGotchi DinoSwap Ghost Love Badge,1
1778,LogicBeach Camera Raffle POAP,1
1779,Let's VeeFriends Pass 8,1
1780,Lofijazzsoul,1
1781,Lofi NFT Phase 2,1
1782,Lofi NFT Phase 1,1
1783,Liquid Energy - Charged Particles Official Metaverse Party and Art Drop,1
1784,Limited West Coast Customs - Metaverse R8,1
1785,Light of Ethereum,1
1786,LevX DAO Genesis POAP,1
1787,Metaverse Festival - RIZ LA VIE - Evolution Stage,1
1788,Metaverso Attendee,1
1789,Metawood Studios - Name the DAO Vote,1
1790,OMNIPool Engineering and Simulations - TE Academy - Exceptional Contribution,1
1791,ONE37pm‚Äôs 25 Days of POAP | Day 5 | SkullVerse,1
1792,ONE37pm‚Äôs 25 Days of POAP | Day 4 | FatBaby,1
1793,ONE37pm‚Äôs 25 Days of POAP Day 7 | 7:31 AM,1
1794,ONE37pm‚Äôs 25 Days of POAP - Day 3 - Deadfellaz,1
1795,ONE37pm‚Äôs 25 Days of POAP - Day 1 - POAP,1
1796,ONE37pm Presents: Becoming Beeple YouTube Premiere,1
1797,ONE37pm DiscordEN POA25 Days of Poap Daily Gathering,1
1798,NuCypher - ETHDenver 2021,1
1799,Official CryptoDad #4205,1
1800,Noun 179 Bidders POAP,1
1801,Noun 119 Bidders POAP,1
1802,Noun 117 Bidders POAP,1
1803,Non-Fungible Tokens (NFTs) and You!,1
1804,Non-Fungible Fungi - Community Night POAP üçÑ,1
1805,"Nifty League x Tropix Discord DJ Party - Mach 3rd, 2022",1
1806,New Mints on the Block,1
1807,Obscura Spaces #1: CXIP Labs + web3 Autonomy ,1
1808,Official CryptoDad #49,1
1809,MetricsDAO GenesisPlus Member,1
1810,OurNetwork Learn Session 1: Student,1
1811,POAP Masterclass v1.0 POAP,1
1812,POAP Inc seed investor via RedBeard Ventured,1
1813,POAP Crossover NFT Livestream,1
1814,POAP Ambassadors 2,1
1815,PIXEL PARADISE GRAND OPENING,1
1816,PIXEL DOGES AUCTION PARTY,1
1817,PAC OG's,1
1818,Original Cryptoship supporter ‚ù§Ô∏è,1
1819,Official POAP Core Contributor ,1
1820,OpenDAO Snapshot Vote ,1
1821,Opacity shall meme again!,1
1822,Oni Squad - Oni Mansion Gamer,1
1823,"OlympusDAO - FOHMO 2, Day 5",1
1824,Olympus Odyssey Creative Flow,1
1825,Olympus Community Night - Game Night - RSVP,1
1826,Official Unvetica BETA Tester Program,1
1827,Netuno Blu & Chill Radio 2021-07-02,1
1828,Nerds at the Table 2021 - 2 Hours of Sushi AND SAKE,1
1829,Naughty PIPPI Airdrop 2nd week,1
1830,"NFG Listening Party, Ep 28, Patricio Worthalter",1
1831,NFT Fresh 2021 - Speaker's Token,1
1832,NFT Financialization - 1st edition (Online),1
1833,NFT Fest Australia,1
1834,NFT Education GR10 Appreciation Token ,1
1835,NFT Cuba Art POAP,1
1836,NFT Comics Early supporter,1
1837,NFT Chat,1
1838,Mycelium's SmartCon NFT Oasis,1
1839,Narcissus Gallery - The Rare Pepe Exhibition ,1
1840,Muttniks NFT Clubhouse Mutt Up #004 Inspiration 4-GoingToSpace.nft Announcement,1
1841,Morpho App Testing Session #1,1
1842,Moistcaps Gold Sale,1
1843,Mochi! in Joshua Tree,1
1844,Mighty Mai 11/9,1
1845,Mighty Gojiras AMA and Launch Party,1
1846,Michelle Trunzo Exhibition @ The Millennium Gate Museum #1,1
1847,NFT Talk #1 - It's all about community,1
1848,NFT Thursdays Episode 0,1
1849,NFTCRACKER - NFTUK x Ethereal Collective Event + Party,1
1850,NFToker 2651 - Canna Comics Promo POAP,1
1851,NY FEM FACTORY x MAYAVERSE Presentsody Tal,1
1852,NUMOMO Token Manifesto NFT Exhibition - Section 1,1
1853,NPC Guild,1
1854,NOOX AWAKENS - Genesis Pioneer,1
1855,NOOX AWAKENS - Fastest Ninja,1
1856,NONCON 2020- Volunteer,1
1857,NON ZONE SOS Token Winner,1
1858,NON CON raffle nft 2020,1
1859,NON CON Bitbox02 Shift,1
1860,NFTuesdayLA x Arama,1
1861,NFTs.tips üéâ Welcome Back Party @alexandermazzei,1
1862,NFTs.tips üéâ Special Edition - Bomani X - 2 Month Anniversary,1
1863,NFTs.Tips üñ• Display Concept + NFTJ + NFT Garden - March 29 2021,1
1864,NFTs Miami Crypto 06.05,1
1865,NFTs 101 Workshop by @beijingdou and friends,1
1866,Krause House DAO - Draft Class #2,1
1867,Kong.land $Citizen Forum #4,1
1868,ETHStaker Community Call #17: The ETH1/ETH2 Merge,1
1869,FS,1
1870,Fir3side Chats: Metav3rse x Loser Club,1
1871,Fintech Graduation,1
1872,Final 3 Positive Pandas Drop Party.,1
1873,Fastest KEaNU Draw üî´,1
1874,Failed TIMEPieces Minter,1
1875,FWB x a16z NYC,1
1876,FUD Famiglia's first 500 Supporter,1
1877,FIO - ETHDenver 2021,1
1878,First Community Call - DXdao,1
1879,FACO SOS Token Winner,1
1880,Everyday Apes Whitelist,1
1881,EulerCoin 0x1,1
1882,EthernautDAO EDIP1 Vote,1
1883,Ethermore Early Adopter ,1
1884,Ethermore - Genesis Lorebuilding Participant,1
1885,Ethereum.org Website contributor - Code - 2019,1
1886,First 2k+ Eth AB Sale - Ringer #109,1
1887,First CryptoAvatars AMA,1
1888,Ethereum TGU Edition #0,1
1889,Forefront Community Hangout w/ Alex Zhang - FWB,1
1890,Fraktal Community Call 001,1
1891,Foxyoga‚Äôs Lab - The Matthew & Rizzle Show 2021-08-11,1
1892,Foxyoga's Listening Party 2021-03-10,1
1893,Four Corners / Cuatro Esquinas by Michelle Trunzo,1
1894,Forefront Tea Time #6,1
1895,Forefront Tea Time #3,1
1896,Forefront Community Hangout w/ Patrick Rivera,1
1897,Flooting Grooves x Cantaloupe Island Chill Set,1
1898,First Henkakukai Meeting,1
1899,Flare Network Member-The Fourth,1
1900,First munichNFT Hackathon,1
1901,First Swapr AMA - Swapr Beta,1
1902,First Persian NFT Charity Exhibition,1
1903,First POAP Treasure Hunt - NFT.nyc 2021,1
1904,First Mint Fest 2021 #9: Evaluate.Market,1
1905,First Mint Fest 2021 #8: Cryptoslam,1
1906,Ethereum's 6th birthday,1
1907,Ethereum Summer Camp 2020 - Deep Dive into Eth 2.0 ,1
1908,Kong.land $Citizen Forum #1,1
1909,Eclectic Method 2021-06-18,1
1910,Eloh & Luke Brown Open-Discussion on Visionary Art + NFTs!! (1st PsyNFT.xyz Space),1
1911,Elevated Studios POAP- Season 1 ,1
1912,Element Twitter Spaces: Designing in DeFi Chat,1
1913,EitBit Apes - NFTs en Solana con Apexit,1
1914,Eggcellent,1
1915,Eclectic Method 2021-07-23,1
1916,Eclectic Method 2021-07-16,1
1917,Eclectic Method 05/02/21,1
1918,Enchanted Valley Emergence 2.0,1
1919,Earnifi Premium - 2022,1
1920,EarnETH Presalers,1
1921,Earn crypto for freelance work and quadratic voting / CLR with Gitcoin,1
1922,EYL University Open Enrollment 1st Ever POAP Badge 10.27.2021,1
1923,EWU Discord Family,1
1924,EVAVERSE LAUNCH,1
1925,ETHTURIN 2020 - Speaker,1
1926,Enchanted Valley Emergence,1
1927,Epic Wizard Union HP trivia night,1
1928,Ethereum Magicians Summer Sessions,1
1929,EthStaker Presents: Rocket Pool Pre-Launch POAP.art Painting Party,1
1930,Ethereum Cat Herders: London Upgrade Community Call POAP,1
1931,Ethereum Bogot√° OG Colegas,1
1932,Ethereum 2.0 DEV Call #70,1
1933,Ethereum 2.0 DEV Call #69,1
1934,Ethereals Moon Mission POAP #4,1
1935,Ethereal Sessions #003,1
1936,EthStaker Validator Workshop #3: London Network Upgrade ,1
1937,EthStaker Presents: Official Rocket Pool Mainnet Launch,1
1938,EthCC 4 - API3,1
1939,EthStaker Presents: Calm Before The Storm,1
1940,EthStaker Community Call #18: Saulius Grigaitis of the Grandine Beacon Chain Client,1
1941,EthCC: EthStaker Lemonade Stand in the shade,1
1942,EthCC 4 - YAP,1
1943,EthCC 4 - Paraswap,1
1944,EthCC 4 - Chainlink,1
1945,EthCC 4 - Boson Protocol,1
1946,Fraktal MCON Pre Party,1
1947,Franky's Tavern - Blunt Force Auto,1
1948,"Free Ton Anniversary - After Party - $5,000 Giveaway!",1
1949,Horsies 2.0 POAP,1
1950,ITechLaw Lisbon 2021 Day 1 Coin,1
1951,IPFS (Protocol Labs) - ETHDenver 2021,1
1952,I heard... Gen Kriffin skips leg day,1
1953,I bought a Bearbrains NFT at NYCC 2021,1
1954,I am a Fan of Orca DEX on Solana,1
1955,I Voted,1
1956,I Quit My Job‚Ä¶ Now What? I‚Äôm Interviewing Gabe Weis ,1
1957,Hodlercon 2022 - Meeting 3,1
1958,Immutacon,1
1959,Hodlercon 2022 - Meeting 2,1
1960,Ho-Ho Not-So-Silent SNOWFEST,1
1961,Hi How Are You? WVRPS by WarpSound NFT.NYC 2021,1
1962,Hedera Hashgraph - ETHDenver 2021,1
1963, Climate Intelligence Retreat: December 2021,1
1964,HausParty 01-07-21 S0210: Eric Arsenault - Rarible Protocol ,1
1965,Hardhat OSS Contributor,1
1966,ImmunoLynk Dapp SOS Token Winner,1
1967,In It For The Tech(n0),1
1968,Frens of DEVA - Pixel Placer,1
1969,Jeighterbomb 0.008,1
1970,KnownOrigin presents DIGITAL NATIVES (foodmasku edition),1
1971,KnownOrigin Community Call 27th Oct 2021,1
1972,Known Origin: Live Drop Cryptospectr X-Spaced-Painter,1
1973,Kintsugi: Ethereum Merge Testnet,1
1974,Kaiju Goons Halloween 2021,1
1975,KEEP Community Call,1
1976,Join the Fight,1
1977,Jax Hideaway: MetaJAX 2021-07-08,1
1978,Index Coop Copper Owl 2021,1
1979,JUSTSWEATERS at MetaZoo International,1
1980,Inverse Finance Army,1
1981,Introduction to Decentralized Finance (Online Webinar),1
1982,Introducci√≥n y principales implementaciones en Uniswap v3,1
1983,International Friendship Day,1
1984,Infura Live London 2022,1
1985,Infinite Objects @ Proof Of Party NFT.NYC 2021,1
1986,Hallmark Channel South Beach Love Premier w/William Levy,1
1987,HackFS 2021 Staked Hacker,1
1988,HENI Art Club: Gerhard Richter at Hayward Gallery,1
1989,GRO DAO Copper Fair Launch Auction,1
1990,Game Jam Xmas 2020 - First Place!,1
1991,Gallop Gala - Steedz of Degen,1
1992,Galaxycoin.finance VIP Badge ,1
1993,Gala Games - ETHDenver 2021,1
1994,GaburiCats Halloween2021,1
1995,GYSR - Silver User,1
1996,GYSR - Platinum User,1
1997,GREMLINS x RELICS: THE BIG REVEAL,1
1998,HAPPY HOLIDAYS TOKENSMART FAM! WE THANK YOU FOR BEING PART OF OUR COMMUNITY! WE APPRECIATE YOU VERY MUCH!!!,1
1999,GM with GV,1
2000,GITCOIN CONTRIBUTOR OF ENSUSER,1
2001,GEN.ART London Gallery Show ,1
2002,GCC x Ethereum Foundation Meetup,1
2003,Futures Pioneers ,1
2004,Funding SOS Token Winner,1
2005,Full Node Summer Party 2021,1
2006,Gary Vee- A NFT PROJECT BY GARYVEE,1
2007,GaryVee 46th Birthday Celebration,1
2008,Gearbox - Genesis Minter,1
2009,Gelato Governance Proposal # 1,1
2010,Guosheng securities mid term capital market summit in 2021,1
2011,Grey Wizard is engaged!,1
2012,Gorby Ples,1
2013,Glue Factory Show Writing Assignment #2 - Online Shopping,1
2014,Gitcoin x BanklessDAO - DAO Creator Report,1
2015,Gitcoin - ETHDenver 2021,1
2016,GitPOAP: 2021 Wagyu Key Gen Contributor,1
2017,GeoEcInk Genesis Drop,1
2018,Genie 10k ETH Volume,1
2019,"Genesis Party by SZNS, Upshot, DivineDAO, & Genie",1
2020,Genesis POAPgod,1
2021,Generativemasks Derivative Art Contest Entry,1
2022,Gemologist - ETHDenver 2021,1
2023,Gelato Governance Proposal # 3,1
2024,Gelato Governance Proposal # 2,1
2025,üéüÔ∏è Mint Season 2: Listener Badge (extended),1
